-- MySQL dump 10.13  Distrib 8.0.23, for Win64 (x86_64)
--
-- Host: localhost    Database: campus_eats_fall2020
-- ------------------------------------------------------
-- Server version	8.0.23
-- created by "mavericks" team:  
-- Dhananjay Arora, Akshay Babu, Sumit Kawale, Prashant Madaan
-- modified for UNCC DSBA-6160 group project by Team 3:
-- Mike Teague, Naomi Thammadi, Bhomik Rudani, Dustin Ballentine


-- Create Schema
CREATE DATABASE  IF NOT EXISTS `campus_eats_fall2020` /*!40100 DEFAULT CHARACTER SET utf8mb4 COLLATE utf8mb4_0900_ai_ci */ /*!80016 DEFAULT ENCRYPTION='N' */;
USE `campus_eats_fall2020`;


/*!40101 SET @OLD_CHARACTER_SET_CLIENT=@@CHARACTER_SET_CLIENT */;
/*!40101 SET @OLD_CHARACTER_SET_RESULTS=@@CHARACTER_SET_RESULTS */;
/*!40101 SET @OLD_COLLATION_CONNECTION=@@COLLATION_CONNECTION */;
/*!50503 SET NAMES utf8 */;
/*!40103 SET @OLD_TIME_ZONE=@@TIME_ZONE */;
/*!40103 SET TIME_ZONE='+00:00' */;
/*!40014 SET @OLD_UNIQUE_CHECKS=@@UNIQUE_CHECKS, UNIQUE_CHECKS=0 */;
/*!40014 SET @OLD_FOREIGN_KEY_CHECKS=@@FOREIGN_KEY_CHECKS, FOREIGN_KEY_CHECKS=0 */;
/*!40101 SET @OLD_SQL_MODE=@@SQL_MODE, SQL_MODE='NO_AUTO_VALUE_ON_ZERO' */;
/*!40111 SET @OLD_SQL_NOTES=@@SQL_NOTES, SQL_NOTES=0 */;

--
-- Table structure for table `audit_log`
--

DROP TABLE IF EXISTS `audit_log`;
/*!40101 SET @saved_cs_client     = @@character_set_client */;
/*!50503 SET character_set_client = utf8mb4 */;
CREATE TABLE `audit_log` (
  `audit_id` int NOT NULL AUTO_INCREMENT,
  `audit_action` varchar(100) NOT NULL,
  `audit_details` varchar(200) NOT NULL,
  `audit_table` varchar(150) NOT NULL,
  `audit_record_id` int NOT NULL,
  PRIMARY KEY (`audit_id`)
) ENGINE=InnoDB AUTO_INCREMENT=19 DEFAULT CHARSET=utf8mb4 COLLATE=utf8mb4_0900_ai_ci;
/*!40101 SET character_set_client = @saved_cs_client */;

--
-- Dumping data for table `audit_log`
--

LOCK TABLES `audit_log` WRITE;
/*!40000 ALTER TABLE `audit_log` DISABLE KEYS */;
INSERT INTO `audit_log` VALUES (10,'INSERT','1 row(s) inserted with Restaurant name - Thompson\'s Toastery','restaurant',105),(11,'INSERT','1 row(s) inserted with License Number - us6794','driver',9),(12,'UPDATE','1 row(s) updated with Restaurant name - Thompson\'s Toastery','restaurant',105),(13,'DELETE','1 row(s) deleted with Restaurant name - Thompson\'s Toastery','restaurant',105),(14,'INSERT','1 row(s) inserted with Restaurant name - Thompson\'s Toastery','restaurant',105),(15,'UPDATE','1 row(s) updated with Restaurant name - Thompson\'s Toastery','restaurant',105),(16,'DELETE','1 row(s) deleted with Restaurant name - Thompson\'s Toastery','restaurant',105),(17,'DELETE','1 row(s) deleted with License Number - us6794','driver',9),(18,'UPDATE','1 row(s) updated with License Number - fi3980','driver',1);
/*!40000 ALTER TABLE `audit_log` ENABLE KEYS */;
UNLOCK TABLES;

--
-- Table structure for table `delivery`
--

DROP TABLE IF EXISTS `delivery`;
/*!40101 SET @saved_cs_client     = @@character_set_client */;
/*!50503 SET character_set_client = utf8mb4 */;
CREATE TABLE `delivery` (
  `delivery_id` int NOT NULL AUTO_INCREMENT,
  `driver_id` int NOT NULL,
  `vehicle_id` int NOT NULL,
  `delivery_time` datetime DEFAULT NULL,
  PRIMARY KEY (`delivery_id`),
  KEY `fk_delivery_driver_id` (`driver_id`),
  KEY `fk_delivery_vehicle_id` (`vehicle_id`),
  CONSTRAINT `fk_delivery_driver_id` FOREIGN KEY (`driver_id`) REFERENCES `driver` (`driver_id`),
  CONSTRAINT `fk_delivery_vehicle_id` FOREIGN KEY (`vehicle_id`) REFERENCES `vehicle` (`vehicle_id`)
) ENGINE=InnoDB AUTO_INCREMENT=1001 DEFAULT CHARSET=latin1;
/*!40101 SET character_set_client = @saved_cs_client */;

--
-- Dumping data for table `delivery`
--

LOCK TABLES `delivery` WRITE;
/*!40000 ALTER TABLE `delivery` DISABLE KEYS */;
INSERT INTO `delivery` VALUES (1,3,8,'2004-04-15 15:15:01'),(2,6,17,'1986-03-09 13:02:10'),(3,8,4,'2007-03-27 04:20:50'),(4,4,4,'1990-11-27 07:17:36'),(5,4,7,'1985-05-17 20:06:35'),(6,5,15,'1987-07-21 03:13:27'),(7,7,1,'1984-12-20 02:07:33'),(8,6,16,'1987-10-24 02:17:47'),(9,6,10,'1973-08-23 08:51:27'),(10,4,8,'1984-07-05 15:41:52'),(11,3,12,'2005-08-13 13:46:19'),(12,4,12,'2000-06-10 15:12:36'),(13,3,4,'1997-03-15 11:26:07'),(14,2,7,'2002-11-02 13:09:13'),(15,3,16,'1981-12-08 18:29:25'),(16,7,16,'1996-08-06 00:30:01'),(17,5,20,'2006-09-06 06:36:54'),(18,5,19,'1992-08-13 02:49:56'),(19,8,12,'1993-07-28 11:48:09'),(20,5,6,'1990-01-04 11:00:09'),(21,5,3,'2000-12-13 17:38:36'),(22,4,13,'1990-03-19 22:51:00'),(23,5,9,'1972-02-19 02:26:18'),(24,7,7,'2017-03-20 16:51:08'),(25,8,13,'1974-01-01 11:14:14'),(26,2,13,'2019-01-15 05:59:35'),(27,1,3,'2007-04-20 19:22:11'),(28,6,18,'1982-06-13 10:39:10'),(29,7,6,'1996-02-24 19:28:29'),(30,8,9,'1975-02-18 15:58:47'),(31,4,17,'1994-05-20 07:20:50'),(32,2,1,'2012-05-15 03:14:38'),(33,5,6,'2003-04-13 15:05:16'),(34,4,15,'2013-03-20 03:42:18'),(35,7,16,'2016-11-14 07:19:17'),(36,1,2,'1978-05-30 23:37:54'),(37,5,10,'2012-04-12 12:47:41'),(38,8,19,'1976-11-28 20:32:04'),(39,4,6,'2014-06-13 10:12:35'),(40,6,3,'2014-10-26 06:51:03'),(41,2,4,'1977-10-01 00:42:32'),(42,3,10,'1999-09-16 09:29:48'),(43,5,4,'1997-10-10 15:57:51'),(44,5,19,'2002-05-07 05:34:59'),(45,5,15,'2004-05-06 01:40:09'),(46,7,9,'1987-08-29 11:10:25'),(47,1,9,'1999-05-04 20:14:44'),(48,8,1,'2013-05-18 02:51:44'),(49,4,20,'2000-11-18 05:13:35'),(50,1,10,'1974-04-01 19:29:04'),(51,3,3,'2009-01-01 08:06:39'),(52,7,6,'1983-06-24 13:57:13'),(53,5,7,'2001-06-27 04:51:36'),(54,1,8,'2010-06-22 15:40:38'),(55,8,8,'2005-08-13 20:44:05'),(56,7,4,'1997-11-15 04:34:41'),(57,4,11,'1980-08-20 18:58:41'),(58,1,12,'1999-11-10 05:16:48'),(59,5,1,'2007-05-23 12:18:57'),(60,4,20,'1997-12-01 11:07:06'),(61,4,12,'2012-04-22 10:09:20'),(62,4,12,'1980-12-23 17:00:24'),(63,2,17,'1974-03-09 13:17:06'),(64,2,14,'2006-05-23 00:09:16'),(65,6,5,'2015-12-04 02:40:23'),(66,5,8,'2013-10-06 09:32:26'),(67,4,16,'2007-10-19 19:02:18'),(68,8,6,'2004-07-18 07:16:52'),(69,8,13,'1994-09-18 22:12:40'),(70,6,15,'2001-07-24 11:56:32'),(71,5,11,'1997-05-08 08:13:38'),(72,2,17,'1991-07-22 02:45:00'),(73,5,11,'2007-01-29 00:46:12'),(74,7,18,'1972-10-08 02:30:28'),(75,2,11,'2012-08-08 06:06:23'),(76,5,20,'1992-03-03 17:59:04'),(77,3,11,'2002-06-01 09:30:41'),(78,2,17,'2004-12-20 16:44:08'),(79,5,1,'1976-04-03 09:33:28'),(80,8,12,'2015-05-07 06:51:40'),(81,1,11,'1982-05-17 00:05:21'),(82,5,11,'1997-03-05 05:33:31'),(83,2,17,'1983-07-04 04:40:47'),(84,3,1,'2014-07-13 06:03:16'),(85,7,15,'2005-11-22 09:50:13'),(86,3,6,'2016-01-24 01:19:46'),(87,7,14,'1970-04-25 22:44:54'),(88,8,15,'1981-11-19 06:22:17'),(89,5,5,'1982-12-27 11:00:06'),(90,5,11,'1972-06-18 13:59:01'),(91,4,4,'2008-06-17 01:54:35'),(92,6,13,'1993-04-09 05:12:19'),(93,1,12,'1996-12-24 00:24:04'),(94,1,5,'1999-09-03 23:23:03'),(95,1,7,'1982-04-08 01:10:43'),(96,5,12,'1996-11-17 03:22:08'),(97,7,4,'1976-02-29 10:04:08'),(98,2,10,'1980-05-01 04:18:43'),(99,3,4,'1983-10-04 13:03:38'),(100,6,2,'2011-06-16 17:20:37'),(101,4,2,NULL),(102,2,16,'1986-03-09 13:02:10'),(103,7,7,'2007-03-27 04:20:50'),(104,4,10,'1990-11-27 07:17:36'),(105,1,7,'1985-05-17 20:06:35'),(106,3,3,'1987-07-21 03:13:27'),(107,1,3,'1984-12-20 02:07:33'),(108,8,15,'1987-10-24 02:17:47'),(109,5,12,'1973-08-23 08:51:27'),(110,8,16,'1984-07-05 15:41:52'),(111,8,7,'2005-08-13 13:46:19'),(112,6,17,'2000-06-10 15:12:36'),(113,6,13,'1997-03-15 11:26:07'),(114,8,20,'2002-11-02 13:09:13'),(115,7,10,'1981-12-08 18:29:25'),(116,2,1,'1996-08-06 00:30:01'),(117,1,8,'2006-09-06 06:36:54'),(118,3,1,'1992-08-13 02:49:56'),(119,7,17,'1993-07-28 11:48:09'),(120,8,18,'1990-01-04 11:00:09'),(121,6,7,'2000-12-13 17:38:36'),(122,5,7,'1990-03-19 22:51:00'),(123,2,14,'1972-02-19 02:26:18'),(124,2,8,'2017-03-20 16:51:08'),(125,8,14,'1974-01-01 11:14:14'),(126,8,18,'2019-01-15 05:59:35'),(127,4,2,'2007-04-20 19:22:11'),(128,4,12,'1982-06-13 10:39:10'),(129,1,7,'1996-02-24 19:28:29'),(130,5,12,'1975-02-18 15:58:47'),(131,5,10,'1994-05-20 07:20:50'),(132,2,10,'2012-05-15 03:14:38'),(133,2,16,'2003-04-13 15:05:16'),(134,6,5,'2013-03-20 03:42:18'),(135,3,14,'2016-11-14 07:19:17'),(136,7,2,'1978-05-30 23:37:54'),(137,2,6,'2012-04-12 12:47:41'),(138,3,20,'1976-11-28 20:32:04'),(139,7,6,'2014-06-13 10:12:35'),(140,6,1,'2014-10-26 06:51:03'),(141,1,8,'1977-10-01 00:42:32'),(142,4,6,'1999-09-16 09:29:48'),(143,8,1,'1997-10-10 15:57:51'),(144,8,7,'2002-05-07 05:34:59'),(145,5,14,'2004-05-06 01:40:09'),(146,2,14,'1987-08-29 11:10:25'),(147,2,9,'1999-05-04 20:14:44'),(148,3,16,'2013-05-18 02:51:44'),(149,3,13,'2000-11-18 05:13:35'),(150,1,9,'1974-04-01 19:29:04'),(151,2,2,'2009-01-01 08:06:39'),(152,7,1,'1983-06-24 13:57:13'),(153,6,6,'2001-06-27 04:51:36'),(154,8,6,'2010-06-22 15:40:38'),(155,3,8,'2005-08-13 20:44:05'),(156,3,9,'1997-11-15 04:34:41'),(157,5,2,'1980-08-20 18:58:41'),(158,2,17,'1999-11-10 05:16:48'),(159,2,17,'2007-05-23 12:18:57'),(160,1,19,'1997-12-01 11:07:06'),(161,7,7,'2012-04-22 10:09:20'),(162,6,3,'1980-12-23 17:00:24'),(163,7,8,'1974-03-09 13:17:06'),(164,2,7,'2006-05-23 00:09:16'),(165,7,17,'2015-12-04 02:40:23'),(166,6,4,'2013-10-06 09:32:26'),(167,5,2,'2007-10-19 19:02:18'),(168,5,3,'2004-07-18 07:16:52'),(169,5,9,'1994-09-18 22:12:40'),(170,2,10,'2001-07-24 11:56:32'),(171,1,16,'1997-05-08 08:13:38'),(172,4,3,'1991-07-22 02:45:00'),(173,7,8,'2007-01-29 00:46:12'),(174,5,4,'1972-10-08 02:30:28'),(175,8,12,'2012-08-08 06:06:23'),(176,7,8,'1992-03-03 17:59:04'),(177,6,8,'2002-06-01 09:30:41'),(178,6,17,'2004-12-20 16:44:08'),(179,3,17,'1976-04-03 09:33:28'),(180,2,15,'2015-05-07 06:51:40'),(181,3,6,'1982-05-17 00:05:21'),(182,1,16,'1997-03-05 05:33:31'),(183,8,20,'1983-07-04 04:40:47'),(184,3,4,'2014-07-13 06:03:16'),(185,2,15,'2005-11-22 09:50:13'),(186,4,5,'2016-01-24 01:19:46'),(187,4,16,'1970-04-25 22:44:54'),(188,7,12,'1981-11-19 06:22:17'),(189,2,13,'1982-12-27 11:00:06'),(190,2,19,'1972-06-18 13:59:01'),(191,3,2,'2008-06-17 01:54:35'),(192,1,5,'1993-04-09 05:12:19'),(193,5,12,'1996-12-24 00:24:04'),(194,3,1,'1999-09-03 23:23:03'),(195,2,19,'1982-04-08 01:10:43'),(196,4,16,'1996-11-17 03:22:08'),(197,8,18,'1976-02-29 10:04:08'),(198,6,3,'1980-05-01 04:18:43'),(199,4,3,'1983-10-04 13:03:38'),(200,1,15,'2011-06-16 17:20:37'),(201,7,1,'2004-04-15 15:15:01'),(202,2,13,'1986-03-09 13:02:10'),(203,2,18,'2007-03-27 04:20:50'),(204,8,7,'1990-11-27 07:17:36'),(205,4,3,'1985-05-17 20:06:35'),(206,3,17,'1987-07-21 03:13:27'),(207,4,17,'1984-12-20 02:07:33'),(208,3,15,'1987-10-24 02:17:47'),(209,4,5,'1973-08-23 08:51:27'),(210,4,3,'1984-07-05 15:41:52'),(211,6,8,'2005-08-13 13:46:19'),(212,2,2,'2000-06-10 15:12:36'),(213,5,5,'1997-03-15 11:26:07'),(214,1,6,'2002-11-02 13:09:13'),(215,4,17,'1981-12-08 18:29:25'),(216,1,13,'1996-08-06 00:30:01'),(217,7,17,'2006-09-06 06:36:54'),(218,4,1,'1992-08-13 02:49:56'),(219,8,18,'1993-07-28 11:48:09'),(220,2,20,'1990-01-04 11:00:09'),(221,1,19,'2000-12-13 17:38:36'),(222,8,17,'1990-03-19 22:51:00'),(223,8,8,'1972-02-19 02:26:18'),(224,1,11,'2017-03-20 16:51:08'),(225,7,11,'1974-01-01 11:14:14'),(226,6,3,'2019-01-15 05:59:35'),(227,5,18,'2007-04-20 19:22:11'),(228,4,3,'1982-06-13 10:39:10'),(229,8,3,'1996-02-24 19:28:29'),(230,2,14,'1975-02-18 15:58:47'),(231,5,2,'1994-05-20 07:20:50'),(232,7,9,'2012-05-15 03:14:38'),(233,5,12,'2003-04-13 15:05:16'),(234,5,3,'2013-03-20 03:42:18'),(235,5,15,'2016-11-14 07:19:17'),(236,4,17,'1978-05-30 23:37:54'),(237,5,18,'2012-04-12 12:47:41'),(238,3,16,'1976-11-28 20:32:04'),(239,5,9,'2014-06-13 10:12:35'),(240,3,1,'2014-10-26 06:51:03'),(241,8,16,'1977-10-01 00:42:32'),(242,7,6,'1999-09-16 09:29:48'),(243,3,17,'1997-10-10 15:57:51'),(244,2,2,'2002-05-07 05:34:59'),(245,4,9,'2004-05-06 01:40:09'),(246,5,19,'1987-08-29 11:10:25'),(247,3,18,'1999-05-04 20:14:44'),(248,2,7,'2013-05-18 02:51:44'),(249,4,9,'2000-11-18 05:13:35'),(250,1,14,'1974-04-01 19:29:04'),(251,3,18,'2009-01-01 08:06:39'),(252,1,8,'1983-06-24 13:57:13'),(253,7,7,'2001-06-27 04:51:36'),(254,1,3,'2010-06-22 15:40:38'),(255,5,2,'2005-08-13 20:44:05'),(256,8,1,'1997-11-15 04:34:41'),(257,8,20,'1980-08-20 18:58:41'),(258,3,7,'1999-11-10 05:16:48'),(259,5,2,'2007-05-23 12:18:57'),(260,2,3,'1997-12-01 11:07:06'),(261,2,4,'2012-04-22 10:09:20'),(262,3,11,'1980-12-23 17:00:24'),(263,1,15,'1974-03-09 13:17:06'),(264,7,2,'2006-05-23 00:09:16'),(265,8,19,'2015-12-04 02:40:23'),(266,1,11,'2013-10-06 09:32:26'),(267,1,14,'2007-10-19 19:02:18'),(268,4,11,'2004-07-18 07:16:52'),(269,4,4,'1994-09-18 22:12:40'),(270,4,2,'2001-07-24 11:56:32'),(271,4,17,'1997-05-08 08:13:38'),(272,5,10,'1991-07-22 02:45:00'),(273,8,20,'2007-01-29 00:46:12'),(274,5,16,'1972-10-08 02:30:28'),(275,3,8,'2012-08-08 06:06:23'),(276,4,3,'1992-03-03 17:59:04'),(277,7,8,'2002-06-01 09:30:41'),(278,8,18,'2004-12-20 16:44:08'),(279,8,9,'1976-04-03 09:33:28'),(280,1,20,'2015-05-07 06:51:40'),(281,8,17,'1982-05-17 00:05:21'),(282,8,17,'1997-03-05 05:33:31'),(283,2,14,'1983-07-04 04:40:47'),(284,2,1,'2014-07-13 06:03:16'),(285,2,19,'2005-11-22 09:50:13'),(286,8,19,'2016-01-24 01:19:46'),(287,7,7,'1970-04-25 22:44:54'),(288,7,15,'1981-11-19 06:22:17'),(289,5,19,'1982-12-27 11:00:06'),(290,8,3,'1972-06-18 13:59:01'),(291,5,16,'2008-06-17 01:54:35'),(292,1,3,'1993-04-09 05:12:19'),(293,8,16,'1996-12-24 00:24:04'),(294,8,11,'1999-09-03 23:23:03'),(295,1,17,'1982-04-08 01:10:43'),(296,4,2,'1996-11-17 03:22:08'),(297,3,12,'1976-02-29 10:04:08'),(298,5,1,'1980-05-01 04:18:43'),(299,2,6,'1983-10-04 13:03:38'),(300,4,3,'2011-06-16 17:20:37'),(301,7,20,'2004-04-15 15:15:01'),(302,8,2,'1986-03-09 13:02:10'),(303,5,5,'2007-03-27 04:20:50'),(304,7,11,'1990-11-27 07:17:36'),(305,5,12,'1985-05-17 20:06:35'),(306,5,2,'1987-07-21 03:13:27'),(307,1,20,'1984-12-20 02:07:33'),(308,4,4,'1987-10-24 02:17:47'),(309,6,18,'1973-08-23 08:51:27'),(310,1,20,'1984-07-05 15:41:52'),(311,4,15,'2005-08-13 13:46:19'),(312,4,12,'2000-06-10 15:12:36'),(313,7,6,'1997-03-15 11:26:07'),(314,2,2,'2002-11-02 13:09:13'),(315,6,3,'1981-12-08 18:29:25'),(316,8,11,'1996-08-06 00:30:01'),(317,8,9,'2006-09-06 06:36:54'),(318,3,10,'1992-08-13 02:49:56'),(319,2,2,'1993-07-28 11:48:09'),(320,6,19,'1990-01-04 11:00:09'),(321,3,7,'2000-12-13 17:38:36'),(322,2,12,'1990-03-19 22:51:00'),(323,5,16,'1972-02-19 02:26:18'),(324,5,11,'2017-03-20 16:51:08'),(325,5,5,'1974-01-01 11:14:14'),(326,5,14,'2019-01-15 05:59:35'),(327,1,18,'2007-04-20 19:22:11'),(328,7,5,'1982-06-13 10:39:10'),(329,4,5,'1996-02-24 19:28:29'),(330,7,1,'1975-02-18 15:58:47'),(331,7,15,'1994-05-20 07:20:50'),(332,3,6,'2012-05-15 03:14:38'),(333,2,18,'2003-04-13 15:05:16'),(334,1,11,'2013-03-20 03:42:18'),(335,5,13,'2016-11-14 07:19:17'),(336,1,10,'1978-05-30 23:37:54'),(337,4,9,'2012-04-12 12:47:41'),(338,5,2,'1976-11-28 20:32:04'),(339,5,8,'2014-06-13 10:12:35'),(340,5,18,'2014-10-26 06:51:03'),(341,7,6,'1977-10-01 00:42:32'),(342,1,7,'1999-09-16 09:29:48'),(343,6,13,'1997-10-10 15:57:51'),(344,2,19,'2002-05-07 05:34:59'),(345,3,2,'2004-05-06 01:40:09'),(346,3,12,'1987-08-29 11:10:25'),(347,4,17,'1999-05-04 20:14:44'),(348,1,2,'2013-05-18 02:51:44'),(349,2,4,'2000-11-18 05:13:35'),(350,1,16,'1974-04-01 19:29:04'),(351,3,7,'2009-01-01 08:06:39'),(352,1,3,'1983-06-24 13:57:13'),(353,6,1,'2001-06-27 04:51:36'),(354,2,16,'2010-06-22 15:40:38'),(355,4,8,'2005-08-13 20:44:05'),(356,4,6,'1997-11-15 04:34:41'),(357,6,10,'1980-08-20 18:58:41'),(358,3,12,'1999-11-10 05:16:48'),(359,3,15,'2007-05-23 12:18:57'),(360,1,12,'1997-12-01 11:07:06'),(361,4,15,'2012-04-22 10:09:20'),(362,5,14,'1980-12-23 17:00:24'),(363,4,10,'1974-03-09 13:17:06'),(364,7,11,'2006-05-23 00:09:16'),(365,8,15,'2015-12-04 02:40:23'),(366,3,8,'2013-10-06 09:32:26'),(367,3,10,'2007-10-19 19:02:18'),(368,4,11,'2004-07-18 07:16:52'),(369,7,5,'1994-09-18 22:12:40'),(370,3,10,'2001-07-24 11:56:32'),(371,8,3,'1997-05-08 08:13:38'),(372,6,12,'1991-07-22 02:45:00'),(373,1,15,'2007-01-29 00:46:12'),(374,6,14,'1972-10-08 02:30:28'),(375,4,19,'2012-08-08 06:06:23'),(376,2,4,'1992-03-03 17:59:04'),(377,2,8,'2002-06-01 09:30:41'),(378,3,1,'2004-12-20 16:44:08'),(379,2,17,'1976-04-03 09:33:28'),(380,2,14,'2015-05-07 06:51:40'),(381,1,9,'1982-05-17 00:05:21'),(382,3,19,'1997-03-05 05:33:31'),(383,5,1,'1983-07-04 04:40:47'),(384,1,10,'2014-07-13 06:03:16'),(385,3,13,'2005-11-22 09:50:13'),(386,3,1,'2016-01-24 01:19:46'),(387,5,20,'1970-04-25 22:44:54'),(388,7,4,'1981-11-19 06:22:17'),(389,2,18,'1982-12-27 11:00:06'),(390,5,10,'1972-06-18 13:59:01'),(391,6,3,'2008-06-17 01:54:35'),(392,2,16,'1993-04-09 05:12:19'),(393,3,1,'1996-12-24 00:24:04'),(394,5,11,'1999-09-03 23:23:03'),(395,3,20,'1982-04-08 01:10:43'),(396,4,7,'1996-11-17 03:22:08'),(397,3,14,'1976-02-29 10:04:08'),(398,8,2,'1980-05-01 04:18:43'),(399,2,13,'1983-10-04 13:03:38'),(400,1,11,'2011-06-16 17:20:37'),(401,8,16,'2004-04-15 15:15:01'),(402,7,3,'1986-03-09 13:02:10'),(403,4,19,'2007-03-27 04:20:50'),(404,2,11,'1990-11-27 07:17:36'),(405,3,15,'1985-05-17 20:06:35'),(406,2,13,'1987-07-21 03:13:27'),(407,3,14,'1984-12-20 02:07:33'),(408,5,1,'1987-10-24 02:17:47'),(409,2,11,'1973-08-23 08:51:27'),(410,8,11,'1984-07-05 15:41:52'),(411,3,4,'2005-08-13 13:46:19'),(412,2,6,'2000-06-10 15:12:36'),(413,1,14,'1997-03-15 11:26:07'),(414,8,7,'2002-11-02 13:09:13'),(415,8,20,'1981-12-08 18:29:25'),(416,7,9,'1996-08-06 00:30:01'),(417,4,14,'2006-09-06 06:36:54'),(418,1,14,'1992-08-13 02:49:56'),(419,2,17,'1993-07-28 11:48:09'),(420,8,17,'1990-01-04 11:00:09'),(421,8,4,'2000-12-13 17:38:36'),(422,8,11,'1990-03-19 22:51:00'),(423,2,5,'1972-02-19 02:26:18'),(424,5,8,'2017-03-20 16:51:08'),(425,6,5,'1974-01-01 11:14:14'),(426,6,10,'2019-01-15 05:59:35'),(427,5,15,'2007-04-20 19:22:11'),(428,5,20,'1982-06-13 10:39:10'),(429,5,18,'1996-02-24 19:28:29'),(430,3,11,'1975-02-18 15:58:47'),(431,5,17,'1994-05-20 07:20:50'),(432,6,19,'2012-05-15 03:14:38'),(433,2,19,'2003-04-13 15:05:16'),(434,5,1,'2013-03-20 03:42:18'),(435,2,11,'2016-11-14 07:19:17'),(436,7,17,'1978-05-30 23:37:54'),(437,1,12,'2012-04-12 12:47:41'),(438,2,15,'1976-11-28 20:32:04'),(439,4,18,'2014-06-13 10:12:35'),(440,6,9,'2014-10-26 06:51:03'),(441,1,14,'1977-10-01 00:42:32'),(442,6,14,'1999-09-16 09:29:48'),(443,5,7,'1997-10-10 15:57:51'),(444,2,9,'2002-05-07 05:34:59'),(445,4,6,'2004-05-06 01:40:09'),(446,6,11,'1987-08-29 11:10:25'),(447,7,15,'1999-05-04 20:14:44'),(448,3,3,'2013-05-18 02:51:44'),(449,8,12,'2000-11-18 05:13:35'),(450,1,12,'1974-04-01 19:29:04'),(451,5,18,'2009-01-01 08:06:39'),(452,7,15,'1983-06-24 13:57:13'),(453,5,10,'2001-06-27 04:51:36'),(454,3,20,'2010-06-22 15:40:38'),(455,8,6,'2005-08-13 20:44:05'),(456,2,18,'1997-11-15 04:34:41'),(457,6,15,'1980-08-20 18:58:41'),(458,6,10,'1999-11-10 05:16:48'),(459,5,2,'2007-05-23 12:18:57'),(460,2,20,'1997-12-01 11:07:06'),(461,7,6,'2012-04-22 10:09:20'),(462,2,19,'1980-12-23 17:00:24'),(463,2,7,'1974-03-09 13:17:06'),(464,7,17,'2006-05-23 00:09:16'),(465,4,8,'2015-12-04 02:40:23'),(466,2,7,'2013-10-06 09:32:26'),(467,7,14,'2007-10-19 19:02:18'),(468,5,1,'2004-07-18 07:16:52'),(469,6,19,'1994-09-18 22:12:40'),(470,6,12,'2001-07-24 11:56:32'),(471,7,12,'1997-05-08 08:13:38'),(472,5,13,'1991-07-22 02:45:00'),(473,6,20,'2007-01-29 00:46:12'),(474,5,10,'1972-10-08 02:30:28'),(475,5,5,'2012-08-08 06:06:23'),(476,7,8,'1992-03-03 17:59:04'),(477,4,2,'2002-06-01 09:30:41'),(478,4,16,'2004-12-20 16:44:08'),(479,8,3,'1976-04-03 09:33:28'),(480,2,12,'2015-05-07 06:51:40'),(481,5,6,'1982-05-17 00:05:21'),(482,8,18,'1997-03-05 05:33:31'),(483,4,15,'1983-07-04 04:40:47'),(484,5,9,'2014-07-13 06:03:16'),(485,8,8,'2005-11-22 09:50:13'),(486,7,17,'2016-01-24 01:19:46'),(487,3,9,'1970-04-25 22:44:54'),(488,1,2,'1981-11-19 06:22:17'),(489,4,20,'1982-12-27 11:00:06'),(490,8,8,'1972-06-18 13:59:01'),(491,5,9,'2008-06-17 01:54:35'),(492,8,14,'1993-04-09 05:12:19'),(493,4,18,'1996-12-24 00:24:04'),(494,6,16,'1999-09-03 23:23:03'),(495,5,10,'1982-04-08 01:10:43'),(496,8,10,'1996-11-17 03:22:08'),(497,4,8,'1976-02-29 10:04:08'),(498,6,3,'1980-05-01 04:18:43'),(499,7,4,'1983-10-04 13:03:38'),(500,6,20,'2011-06-16 17:20:37'),(501,3,17,'2004-04-15 15:15:01'),(502,1,5,'1986-03-09 13:02:10'),(503,8,6,'2007-03-27 04:20:50'),(504,8,11,'1990-11-27 07:17:36'),(505,4,9,'1985-05-17 20:06:35'),(506,7,8,'1987-07-21 03:13:27'),(507,2,1,'1984-12-20 02:07:33'),(508,2,11,'1987-10-24 02:17:47'),(509,3,3,'1973-08-23 08:51:27'),(510,8,20,'1984-07-05 15:41:52'),(511,3,3,'2005-08-13 13:46:19'),(512,7,10,'2000-06-10 15:12:36'),(513,3,14,'1997-03-15 11:26:07'),(514,2,19,'2002-11-02 13:09:13'),(515,7,5,'1981-12-08 18:29:25'),(516,8,9,'1996-08-06 00:30:01'),(517,1,20,'2006-09-06 06:36:54'),(518,6,1,'1992-08-13 02:49:56'),(519,2,5,'1993-07-28 11:48:09'),(520,5,8,'1990-01-04 11:00:09'),(521,8,9,'2000-12-13 17:38:36'),(522,7,9,'1990-03-19 22:51:00'),(523,1,17,'1972-02-19 02:26:18'),(524,3,5,'2017-03-20 16:51:08'),(525,5,2,'1974-01-01 11:14:14'),(526,1,1,'2019-01-15 05:59:35'),(527,7,20,'2007-04-20 19:22:11'),(528,1,20,'1982-06-13 10:39:10'),(529,2,1,'1996-02-24 19:28:29'),(530,6,3,'1975-02-18 15:58:47'),(531,5,7,'1994-05-20 07:20:50'),(532,3,2,'2012-05-15 03:14:38'),(533,3,10,'2003-04-13 15:05:16'),(534,3,9,'2013-03-20 03:42:18'),(535,4,14,'2016-11-14 07:19:17'),(536,4,15,'1978-05-30 23:37:54'),(537,6,8,'2012-04-12 12:47:41'),(538,6,5,'1976-11-28 20:32:04'),(539,3,12,'2014-06-13 10:12:35'),(540,4,1,'2014-10-26 06:51:03'),(541,5,14,'1977-10-01 00:42:32'),(542,3,10,'1999-09-16 09:29:48'),(543,1,7,'1997-10-10 15:57:51'),(544,6,14,'2002-05-07 05:34:59'),(545,7,3,'2004-05-06 01:40:09'),(546,5,7,'1987-08-29 11:10:25'),(547,2,1,'1999-05-04 20:14:44'),(548,3,14,'2013-05-18 02:51:44'),(549,3,14,'2000-11-18 05:13:35'),(550,6,10,'1974-04-01 19:29:04'),(551,1,10,'2009-01-01 08:06:39'),(552,3,14,'1983-06-24 13:57:13'),(553,8,13,'2001-06-27 04:51:36'),(554,7,15,'2010-06-22 15:40:38'),(555,7,3,'2005-08-13 20:44:05'),(556,8,16,'1997-11-15 04:34:41'),(557,4,18,'1980-08-20 18:58:41'),(558,4,12,'1999-11-10 05:16:48'),(559,7,15,'2007-05-23 12:18:57'),(560,7,14,'1997-12-01 11:07:06'),(561,5,20,'2012-04-22 10:09:20'),(562,5,20,'1980-12-23 17:00:24'),(563,4,14,'1974-03-09 13:17:06'),(564,2,19,'2006-05-23 00:09:16'),(565,5,1,'2015-12-04 02:40:23'),(566,3,17,'2013-10-06 09:32:26'),(567,2,10,'2007-10-19 19:02:18'),(568,1,17,'2004-07-18 07:16:52'),(569,5,1,'1994-09-18 22:12:40'),(570,1,4,'2001-07-24 11:56:32'),(571,8,5,'1997-05-08 08:13:38'),(572,1,8,'1991-07-22 02:45:00'),(573,3,1,'2007-01-29 00:46:12'),(574,1,10,'1972-10-08 02:30:28'),(575,5,9,'2012-08-08 06:06:23'),(576,2,19,'1992-03-03 17:59:04'),(577,3,16,'2002-06-01 09:30:41'),(578,4,17,'2004-12-20 16:44:08'),(579,3,1,'1976-04-03 09:33:28'),(580,5,15,'2015-05-07 06:51:40'),(581,4,20,'1982-05-17 00:05:21'),(582,4,19,'1997-03-05 05:33:31'),(583,3,16,'1983-07-04 04:40:47'),(584,2,4,'2014-07-13 06:03:16'),(585,6,8,'2005-11-22 09:50:13'),(586,7,10,'2016-01-24 01:19:46'),(587,4,8,'1970-04-25 22:44:54'),(588,1,6,'1981-11-19 06:22:17'),(589,3,14,'1982-12-27 11:00:06'),(590,5,10,'1972-06-18 13:59:01'),(591,4,6,'2008-06-17 01:54:35'),(592,5,14,'1993-04-09 05:12:19'),(593,4,16,'1996-12-24 00:24:04'),(594,8,8,'1999-09-03 23:23:03'),(595,7,18,'1982-04-08 01:10:43'),(596,5,16,'1996-11-17 03:22:08'),(597,3,16,'1976-02-29 10:04:08'),(598,6,7,'1980-05-01 04:18:43'),(599,7,17,'1983-10-04 13:03:38'),(600,8,16,'2011-06-16 17:20:37'),(601,3,6,'2004-04-15 15:15:01'),(602,2,3,'1986-03-09 13:02:10'),(603,7,20,'2007-03-27 04:20:50'),(604,5,14,'1990-11-27 07:17:36'),(605,1,18,'1985-05-17 20:06:35'),(606,8,8,'1987-07-21 03:13:27'),(607,8,20,'1984-12-20 02:07:33'),(608,4,17,'1987-10-24 02:17:47'),(609,1,10,'1973-08-23 08:51:27'),(610,2,19,'1984-07-05 15:41:52'),(611,8,3,'2005-08-13 13:46:19'),(612,8,8,'2000-06-10 15:12:36'),(613,5,8,'1997-03-15 11:26:07'),(614,6,18,'2002-11-02 13:09:13'),(615,3,5,'1981-12-08 18:29:25'),(616,6,2,'1996-08-06 00:30:01'),(617,8,4,'2006-09-06 06:36:54'),(618,6,11,'1992-08-13 02:49:56'),(619,6,18,'1993-07-28 11:48:09'),(620,5,18,'1990-01-04 11:00:09'),(621,2,2,'2000-12-13 17:38:36'),(622,3,18,'1990-03-19 22:51:00'),(623,5,7,'1972-02-19 02:26:18'),(624,3,6,'2017-03-20 16:51:08'),(625,6,9,'1974-01-01 11:14:14'),(626,3,11,'2019-01-15 05:59:35'),(627,6,12,'2007-04-20 19:22:11'),(628,4,2,'1982-06-13 10:39:10'),(629,4,9,'1996-02-24 19:28:29'),(630,2,17,'1975-02-18 15:58:47'),(631,3,5,'1994-05-20 07:20:50'),(632,5,4,'2012-05-15 03:14:38'),(633,8,6,'2003-04-13 15:05:16'),(634,4,7,'2013-03-20 03:42:18'),(635,4,14,'2016-11-14 07:19:17'),(636,6,4,'1978-05-30 23:37:54'),(637,5,13,'2012-04-12 12:47:41'),(638,1,13,'1976-11-28 20:32:04'),(639,4,10,'2014-06-13 10:12:35'),(640,6,7,'2014-10-26 06:51:03'),(641,7,17,'1977-10-01 00:42:32'),(642,5,12,'1999-09-16 09:29:48'),(643,5,6,'1997-10-10 15:57:51'),(644,7,7,'2002-05-07 05:34:59'),(645,8,13,'2004-05-06 01:40:09'),(646,6,19,'1987-08-29 11:10:25'),(647,3,14,'1999-05-04 20:14:44'),(648,2,18,'2013-05-18 02:51:44'),(649,3,5,'2000-11-18 05:13:35'),(650,4,14,'1974-04-01 19:29:04'),(651,1,8,'2009-01-01 08:06:39'),(652,4,9,'1983-06-24 13:57:13'),(653,3,16,'2001-06-27 04:51:36'),(654,8,5,'2010-06-22 15:40:38'),(655,6,15,'2005-08-13 20:44:05'),(656,8,4,'1997-11-15 04:34:41'),(657,2,9,'1980-08-20 18:58:41'),(658,8,9,'1999-11-10 05:16:48'),(659,3,3,'2007-05-23 12:18:57'),(660,2,16,'1997-12-01 11:07:06'),(661,2,6,'2012-04-22 10:09:20'),(662,2,18,'1980-12-23 17:00:24'),(663,2,13,'1974-03-09 13:17:06'),(664,4,14,'2006-05-23 00:09:16'),(665,6,12,'2015-12-04 02:40:23'),(666,8,20,'2013-10-06 09:32:26'),(667,3,3,'2007-10-19 19:02:18'),(668,1,14,'2004-07-18 07:16:52'),(669,6,2,'1994-09-18 22:12:40'),(670,6,5,'2001-07-24 11:56:32'),(671,5,20,'1997-05-08 08:13:38'),(672,2,15,'1991-07-22 02:45:00'),(673,4,17,'2007-01-29 00:46:12'),(674,2,4,'1972-10-08 02:30:28'),(675,2,16,'2012-08-08 06:06:23'),(676,5,19,'1992-03-03 17:59:04'),(677,3,1,'2002-06-01 09:30:41'),(678,1,4,'2004-12-20 16:44:08'),(679,8,10,'1976-04-03 09:33:28'),(680,3,14,'2015-05-07 06:51:40'),(681,2,1,'1982-05-17 00:05:21'),(682,5,14,'1997-03-05 05:33:31'),(683,5,2,'1983-07-04 04:40:47'),(684,3,6,'2014-07-13 06:03:16'),(685,6,12,'2005-11-22 09:50:13'),(686,4,7,'2016-01-24 01:19:46'),(687,5,4,'1970-04-25 22:44:54'),(688,2,11,'1981-11-19 06:22:17'),(689,8,10,'1982-12-27 11:00:06'),(690,2,9,'1972-06-18 13:59:01'),(691,6,11,'2008-06-17 01:54:35'),(692,4,16,'1993-04-09 05:12:19'),(693,8,16,'1996-12-24 00:24:04'),(694,8,6,'1999-09-03 23:23:03'),(695,4,12,'1982-04-08 01:10:43'),(696,1,16,'1996-11-17 03:22:08'),(697,3,6,'1976-02-29 10:04:08'),(698,3,13,'1980-05-01 04:18:43'),(699,7,10,'1983-10-04 13:03:38'),(700,3,5,'2011-06-16 17:20:37'),(701,6,14,'2004-04-15 15:15:01'),(702,1,11,'1986-03-09 13:02:10'),(703,5,5,'2007-03-27 04:20:50'),(704,3,17,'1990-11-27 07:17:36'),(705,2,14,'1985-05-17 20:06:35'),(706,7,3,'1987-07-21 03:13:27'),(707,4,6,'1984-12-20 02:07:33'),(708,4,4,'1987-10-24 02:17:47'),(709,3,18,'1973-08-23 08:51:27'),(710,7,20,'1984-07-05 15:41:52'),(711,8,4,'2005-08-13 13:46:19'),(712,8,4,'2000-06-10 15:12:36'),(713,8,8,'1997-03-15 11:26:07'),(714,5,11,'2002-11-02 13:09:13'),(715,3,13,'1981-12-08 18:29:25'),(716,8,5,'1996-08-06 00:30:01'),(717,3,16,'2006-09-06 06:36:54'),(718,4,18,'1992-08-13 02:49:56'),(719,4,3,'1993-07-28 11:48:09'),(720,1,4,'1990-01-04 11:00:09'),(721,8,9,'2000-12-13 17:38:36'),(722,5,7,'1990-03-19 22:51:00'),(723,3,7,'1972-02-19 02:26:18'),(724,8,12,'2017-03-20 16:51:08'),(725,3,12,'1974-01-01 11:14:14'),(726,4,9,'2019-01-15 05:59:35'),(727,2,13,'2007-04-20 19:22:11'),(728,1,3,'1982-06-13 10:39:10'),(729,7,14,'1996-02-24 19:28:29'),(730,6,20,'1975-02-18 15:58:47'),(731,5,17,'1994-05-20 07:20:50'),(732,5,16,'2012-05-15 03:14:38'),(733,4,7,'2003-04-13 15:05:16'),(734,8,12,'2013-03-20 03:42:18'),(735,6,5,'2016-11-14 07:19:17'),(736,1,18,'1978-05-30 23:37:54'),(737,5,16,'2012-04-12 12:47:41'),(738,4,19,'1976-11-28 20:32:04'),(739,1,10,'2014-06-13 10:12:35'),(740,2,11,'2014-10-26 06:51:03'),(741,2,8,'1977-10-01 00:42:32'),(742,7,8,'1999-09-16 09:29:48'),(743,3,12,'1997-10-10 15:57:51'),(744,2,2,'2002-05-07 05:34:59'),(745,8,18,'2004-05-06 01:40:09'),(746,5,17,'1987-08-29 11:10:25'),(747,3,5,'1999-05-04 20:14:44'),(748,1,10,'2013-05-18 02:51:44'),(749,7,1,'2000-11-18 05:13:35'),(750,8,13,'1974-04-01 19:29:04'),(751,5,15,'2009-01-01 08:06:39'),(752,8,18,'1983-06-24 13:57:13'),(753,1,18,'2001-06-27 04:51:36'),(754,8,6,'2010-06-22 15:40:38'),(755,8,10,'2005-08-13 20:44:05'),(756,3,6,'1997-11-15 04:34:41'),(757,6,7,'1980-08-20 18:58:41'),(758,1,13,'1999-11-10 05:16:48'),(759,5,20,'2007-05-23 12:18:57'),(760,3,4,'1997-12-01 11:07:06'),(761,1,15,'2012-04-22 10:09:20'),(762,2,4,'1980-12-23 17:00:24'),(763,3,16,'1974-03-09 13:17:06'),(764,5,13,'2006-05-23 00:09:16'),(765,2,19,'2015-12-04 02:40:23'),(766,1,2,'2013-10-06 09:32:26'),(767,3,2,'2007-10-19 19:02:18'),(768,5,19,'2004-07-18 07:16:52'),(769,5,16,'1994-09-18 22:12:40'),(770,3,15,'2001-07-24 11:56:32'),(771,8,19,'1997-05-08 08:13:38'),(772,6,5,'1991-07-22 02:45:00'),(773,7,8,'2007-01-29 00:46:12'),(774,3,15,'1972-10-08 02:30:28'),(775,3,7,'2012-08-08 06:06:23'),(776,6,17,'1992-03-03 17:59:04'),(777,6,12,'2002-06-01 09:30:41'),(778,2,12,'2004-12-20 16:44:08'),(779,3,19,'1976-04-03 09:33:28'),(780,1,4,'2015-05-07 06:51:40'),(781,6,15,'1982-05-17 00:05:21'),(782,1,20,'1997-03-05 05:33:31'),(783,6,13,'1983-07-04 04:40:47'),(784,4,12,'2014-07-13 06:03:16'),(785,2,18,'2005-11-22 09:50:13'),(786,2,17,'2016-01-24 01:19:46'),(787,1,15,'1970-04-25 22:44:54'),(788,6,11,'1981-11-19 06:22:17'),(789,4,11,'1982-12-27 11:00:06'),(790,5,16,'1972-06-18 13:59:01'),(791,6,7,'2008-06-17 01:54:35'),(792,7,7,'1993-04-09 05:12:19'),(793,1,1,'1996-12-24 00:24:04'),(794,8,17,'1999-09-03 23:23:03'),(795,3,13,'1982-04-08 01:10:43'),(796,3,5,'1996-11-17 03:22:08'),(797,5,20,'1976-02-29 10:04:08'),(798,6,4,'1980-05-01 04:18:43'),(799,3,7,'1983-10-04 13:03:38'),(800,2,19,'2011-06-16 17:20:37'),(801,5,19,'2004-04-15 15:15:01'),(802,2,16,'1986-03-09 13:02:10'),(803,2,19,'2007-03-27 04:20:50'),(804,1,2,'1990-11-27 07:17:36'),(805,7,19,'1985-05-17 20:06:35'),(806,5,14,'1987-07-21 03:13:27'),(807,7,11,'1984-12-20 02:07:33'),(808,5,20,'1987-10-24 02:17:47'),(809,4,4,'1973-08-23 08:51:27'),(810,1,8,'1984-07-05 15:41:52'),(811,2,12,'2005-08-13 13:46:19'),(812,6,15,'2000-06-10 15:12:36'),(813,7,17,'1997-03-15 11:26:07'),(814,4,1,'2002-11-02 13:09:13'),(815,5,1,'1981-12-08 18:29:25'),(816,1,11,'1996-08-06 00:30:01'),(817,2,11,'2006-09-06 06:36:54'),(818,8,10,'1992-08-13 02:49:56'),(819,7,16,'1993-07-28 11:48:09'),(820,2,7,'1990-01-04 11:00:09'),(821,6,1,'2000-12-13 17:38:36'),(822,6,4,'1990-03-19 22:51:00'),(823,6,11,'1972-02-19 02:26:18'),(824,1,12,'2017-03-20 16:51:08'),(825,5,11,'1974-01-01 11:14:14'),(826,6,16,'2019-01-15 05:59:35'),(827,5,14,'2007-04-20 19:22:11'),(828,4,2,'1982-06-13 10:39:10'),(829,2,13,'1996-02-24 19:28:29'),(830,2,2,'1975-02-18 15:58:47'),(831,6,11,'1994-05-20 07:20:50'),(832,5,7,'2012-05-15 03:14:38'),(833,5,13,'2003-04-13 15:05:16'),(834,7,20,'2013-03-20 03:42:18'),(835,8,10,'2016-11-14 07:19:17'),(836,3,17,'1978-05-30 23:37:54'),(837,1,13,'2012-04-12 12:47:41'),(838,1,15,'1976-11-28 20:32:04'),(839,3,8,'2014-06-13 10:12:35'),(840,5,7,'2014-10-26 06:51:03'),(841,7,11,'1977-10-01 00:42:32'),(842,5,4,'1999-09-16 09:29:48'),(843,1,9,'1997-10-10 15:57:51'),(844,3,19,'2002-05-07 05:34:59'),(845,1,7,'2004-05-06 01:40:09'),(846,2,17,'1987-08-29 11:10:25'),(847,3,5,'1999-05-04 20:14:44'),(848,4,8,'2013-05-18 02:51:44'),(849,6,9,'2000-11-18 05:13:35'),(850,1,1,'1974-04-01 19:29:04'),(851,4,13,'2009-01-01 08:06:39'),(852,8,17,'1983-06-24 13:57:13'),(853,2,13,'2001-06-27 04:51:36'),(854,1,17,'2010-06-22 15:40:38'),(855,1,20,'2005-08-13 20:44:05'),(856,8,10,'1997-11-15 04:34:41'),(857,1,16,'1980-08-20 18:58:41'),(858,3,5,'1999-11-10 05:16:48'),(859,5,10,'2007-05-23 12:18:57'),(860,1,6,'1997-12-01 11:07:06'),(861,3,7,'2012-04-22 10:09:20'),(862,4,8,'1980-12-23 17:00:24'),(863,3,12,'1974-03-09 13:17:06'),(864,6,11,'2006-05-23 00:09:16'),(865,3,11,'2015-12-04 02:40:23'),(866,5,6,'2013-10-06 09:32:26'),(867,1,15,'2007-10-19 19:02:18'),(868,8,4,'2004-07-18 07:16:52'),(869,4,14,'1994-09-18 22:12:40'),(870,8,6,'2001-07-24 11:56:32'),(871,7,1,'1997-05-08 08:13:38'),(872,7,4,'1991-07-22 02:45:00'),(873,8,8,'2007-01-29 00:46:12'),(874,7,15,'1972-10-08 02:30:28'),(875,1,2,'2012-08-08 06:06:23'),(876,5,3,'1992-03-03 17:59:04'),(877,3,4,'2002-06-01 09:30:41'),(878,8,3,'2004-12-20 16:44:08'),(879,2,15,'1976-04-03 09:33:28'),(880,4,2,'2015-05-07 06:51:40'),(881,8,16,'1982-05-17 00:05:21'),(882,1,15,'1997-03-05 05:33:31'),(883,2,17,'1983-07-04 04:40:47'),(884,5,18,'2014-07-13 06:03:16'),(885,6,6,'2005-11-22 09:50:13'),(886,3,20,'2016-01-24 01:19:46'),(887,5,11,'1970-04-25 22:44:54'),(888,3,19,'1981-11-19 06:22:17'),(889,4,8,'1982-12-27 11:00:06'),(890,4,20,'1972-06-18 13:59:01'),(891,7,10,'2008-06-17 01:54:35'),(892,4,3,'1993-04-09 05:12:19'),(893,4,1,'1996-12-24 00:24:04'),(894,6,2,'1999-09-03 23:23:03'),(895,1,8,'1982-04-08 01:10:43'),(896,2,15,'1996-11-17 03:22:08'),(897,1,12,'1976-02-29 10:04:08'),(898,6,5,'1980-05-01 04:18:43'),(899,5,4,'1983-10-04 13:03:38'),(900,4,9,'2011-06-16 17:20:37'),(901,8,2,'2004-04-15 15:15:01'),(902,1,9,'1986-03-09 13:02:10'),(903,7,14,'2007-03-27 04:20:50'),(904,2,18,'1990-11-27 07:17:36'),(905,8,16,'1985-05-17 20:06:35'),(906,3,10,'1987-07-21 03:13:27'),(907,4,4,'1984-12-20 02:07:33'),(908,4,13,'1987-10-24 02:17:47'),(909,1,3,'1973-08-23 08:51:27'),(910,4,14,'1984-07-05 15:41:52'),(911,8,7,'2005-08-13 13:46:19'),(912,4,8,'2000-06-10 15:12:36'),(913,6,8,'1997-03-15 11:26:07'),(914,1,14,'2002-11-02 13:09:13'),(915,7,4,'1981-12-08 18:29:25'),(916,7,2,'1996-08-06 00:30:01'),(917,4,20,'2006-09-06 06:36:54'),(918,2,20,'1992-08-13 02:49:56'),(919,4,13,'1993-07-28 11:48:09'),(920,5,3,'1990-01-04 11:00:09'),(921,6,4,'2000-12-13 17:38:36'),(922,2,8,'1990-03-19 22:51:00'),(923,6,11,'1972-02-19 02:26:18'),(924,3,3,'2017-03-20 16:51:08'),(925,6,20,'1974-01-01 11:14:14'),(926,6,14,'2019-01-15 05:59:35'),(927,1,14,'2007-04-20 19:22:11'),(928,5,20,'1982-06-13 10:39:10'),(929,3,8,'1996-02-24 19:28:29'),(930,3,12,'1975-02-18 15:58:47'),(931,7,6,'1994-05-20 07:20:50'),(932,5,10,'2012-05-15 03:14:38'),(933,8,15,'2003-04-13 15:05:16'),(934,8,4,'2013-03-20 03:42:18'),(935,1,12,'2016-11-14 07:19:17'),(936,3,9,'1978-05-30 23:37:54'),(937,8,17,'2012-04-12 12:47:41'),(938,8,18,'1976-11-28 20:32:04'),(939,6,10,'2014-06-13 10:12:35'),(940,1,2,'2014-10-26 06:51:03'),(941,3,14,'1977-10-01 00:42:32'),(942,8,11,'1999-09-16 09:29:48'),(943,8,3,'1997-10-10 15:57:51'),(944,6,20,'2002-05-07 05:34:59'),(945,3,7,'2004-05-06 01:40:09'),(946,4,8,'1987-08-29 11:10:25'),(947,2,4,'1999-05-04 20:14:44'),(948,2,16,'2013-05-18 02:51:44'),(949,4,11,'2000-11-18 05:13:35'),(950,8,18,'1974-04-01 19:29:04'),(951,2,12,'2009-01-01 08:06:39'),(952,5,12,'1983-06-24 13:57:13'),(953,1,20,'2001-06-27 04:51:36'),(954,3,7,'2010-06-22 15:40:38'),(955,8,5,'2005-08-13 20:44:05'),(956,4,5,'1997-11-15 04:34:41'),(957,3,9,'1980-08-20 18:58:41'),(958,2,19,'1999-11-10 05:16:48'),(959,5,15,'2007-05-23 12:18:57'),(960,5,8,'1997-12-01 11:07:06'),(961,4,19,'2012-04-22 10:09:20'),(962,2,1,'1980-12-23 17:00:24'),(963,7,20,'1974-03-09 13:17:06'),(964,4,1,'2006-05-23 00:09:16'),(965,6,2,'2015-12-04 02:40:23'),(966,2,4,'2013-10-06 09:32:26'),(967,7,3,'2007-10-19 19:02:18'),(968,2,13,'2004-07-18 07:16:52'),(969,1,6,'1994-09-18 22:12:40'),(970,3,9,'2001-07-24 11:56:32'),(971,8,7,'1997-05-08 08:13:38'),(972,5,13,'1991-07-22 02:45:00'),(973,2,15,'2007-01-29 00:46:12'),(974,6,7,'1972-10-08 02:30:28'),(975,1,17,'2012-08-08 06:06:23'),(976,5,11,'1992-03-03 17:59:04'),(977,3,1,'2002-06-01 09:30:41'),(978,3,10,'2004-12-20 16:44:08'),(979,1,13,'1976-04-03 09:33:28'),(980,6,14,'2015-05-07 06:51:40'),(981,6,4,'1982-05-17 00:05:21'),(982,1,1,'1997-03-05 05:33:31'),(983,7,10,'1983-07-04 04:40:47'),(984,8,11,'2014-07-13 06:03:16'),(985,5,16,'2005-11-22 09:50:13'),(986,6,6,'2016-01-24 01:19:46'),(987,7,7,'1970-04-25 22:44:54'),(988,2,5,'1981-11-19 06:22:17'),(989,8,17,'1982-12-27 11:00:06'),(990,1,19,'1972-06-18 13:59:01'),(991,4,15,'2008-06-17 01:54:35'),(992,1,16,'1993-04-09 05:12:19'),(993,2,2,'1996-12-24 00:24:04'),(994,5,20,'1999-09-03 23:23:03'),(995,5,11,'1982-04-08 01:10:43'),(996,4,14,'1996-11-17 03:22:08'),(997,4,12,'1976-02-29 10:04:08'),(998,7,12,'1980-05-01 04:18:43'),(999,1,4,'1983-10-04 13:03:38'),(1000,6,12,'2011-06-16 17:20:37');
/*!40000 ALTER TABLE `delivery` ENABLE KEYS */;
UNLOCK TABLES;

--
-- Table structure for table `driver`
--

DROP TABLE IF EXISTS `driver`;
/*!40101 SET @saved_cs_client     = @@character_set_client */;
/*!50503 SET character_set_client = utf8mb4 */;
CREATE TABLE `driver` (
  `driver_id` int NOT NULL AUTO_INCREMENT,
  `student_id` int NOT NULL,
  `license_number` varchar(75) DEFAULT NULL,
  `date_hired` date DEFAULT NULL,
  `rating` float DEFAULT NULL,
  PRIMARY KEY (`driver_id`),
  KEY `fk_D_student_id` (`student_id`),
  CONSTRAINT `fk_D_student_id` FOREIGN KEY (`student_id`) REFERENCES `student` (`student_id`)
) ENGINE=InnoDB AUTO_INCREMENT=10 DEFAULT CHARSET=latin1;
/*!40101 SET character_set_client = @saved_cs_client */;

--
-- Dumping data for table `driver`
--

LOCK TABLES `driver` WRITE;
/*!40000 ALTER TABLE `driver` DISABLE KEYS */;
INSERT INTO `driver` VALUES (1,110,'fi3980','1989-01-18',2.84),(2,98,'js4003','2017-03-15',3),(3,104,'xt8429','2002-10-11',3),(4,43,'yv6392','2010-02-23',3),(5,75,'cf3679','1997-04-06',4),(6,68,'rx3942','1970-03-24',3),(7,143,'mf2647','2014-05-06',3),(8,96,'ia9372','2011-06-25',3);
/*!40000 ALTER TABLE `driver` ENABLE KEYS */;
UNLOCK TABLES;
/*!50003 SET @saved_cs_client      = @@character_set_client */ ;
/*!50003 SET @saved_cs_results     = @@character_set_results */ ;
/*!50003 SET @saved_col_connection = @@collation_connection */ ;
/*!50003 SET character_set_client  = utf8mb4 */ ;
/*!50003 SET character_set_results = utf8mb4 */ ;
/*!50003 SET collation_connection  = utf8mb4_0900_ai_ci */ ;
/*!50003 SET @saved_sql_mode       = @@sql_mode */ ;
/*!50003 SET sql_mode              = 'STRICT_TRANS_TABLES,NO_ENGINE_SUBSTITUTION' */ ;
DELIMITER ;;
/*!50003 CREATE*/ /*!50017 DEFINER=`root`@`localhost`*/ /*!50003 TRIGGER `driver_after_insert` AFTER INSERT ON `driver` FOR EACH ROW BEGIN
    INSERT INTO `Campus_Eats_Fall2020`.`audit_log` (`audit_action`, `audit_details`, `audit_table`, `audit_record_id`) VALUES
    ('INSERT',CONCAT('1 row(s) inserted with License Number - ', NEW.license_number),'driver', NEW.driver_id);
END */;;
DELIMITER ;
/*!50003 SET sql_mode              = @saved_sql_mode */ ;
/*!50003 SET character_set_client  = @saved_cs_client */ ;
/*!50003 SET character_set_results = @saved_cs_results */ ;
/*!50003 SET collation_connection  = @saved_col_connection */ ;
/*!50003 SET @saved_cs_client      = @@character_set_client */ ;
/*!50003 SET @saved_cs_results     = @@character_set_results */ ;
/*!50003 SET @saved_col_connection = @@collation_connection */ ;
/*!50003 SET character_set_client  = utf8mb4 */ ;
/*!50003 SET character_set_results = utf8mb4 */ ;
/*!50003 SET collation_connection  = utf8mb4_0900_ai_ci */ ;
/*!50003 SET @saved_sql_mode       = @@sql_mode */ ;
/*!50003 SET sql_mode              = 'STRICT_TRANS_TABLES,NO_ENGINE_SUBSTITUTION' */ ;
DELIMITER ;;
/*!50003 CREATE*/ /*!50017 DEFINER=`root`@`localhost`*/ /*!50003 TRIGGER `driver_after_update` AFTER UPDATE ON `driver` FOR EACH ROW BEGIN
    INSERT INTO `Campus_Eats_Fall2020`.`audit_log` (`audit_action`, `audit_details`, `audit_table`, `audit_record_id`) VALUES
    ('UPDATE',CONCAT('1 row(s) updated with License Number - ', NEW.license_number),'driver', NEW.driver_id);
END */;;
DELIMITER ;
/*!50003 SET sql_mode              = @saved_sql_mode */ ;
/*!50003 SET character_set_client  = @saved_cs_client */ ;
/*!50003 SET character_set_results = @saved_cs_results */ ;
/*!50003 SET collation_connection  = @saved_col_connection */ ;
/*!50003 SET @saved_cs_client      = @@character_set_client */ ;
/*!50003 SET @saved_cs_results     = @@character_set_results */ ;
/*!50003 SET @saved_col_connection = @@collation_connection */ ;
/*!50003 SET character_set_client  = utf8mb4 */ ;
/*!50003 SET character_set_results = utf8mb4 */ ;
/*!50003 SET collation_connection  = utf8mb4_0900_ai_ci */ ;
/*!50003 SET @saved_sql_mode       = @@sql_mode */ ;
/*!50003 SET sql_mode              = 'STRICT_TRANS_TABLES,NO_ENGINE_SUBSTITUTION' */ ;
DELIMITER ;;
/*!50003 CREATE*/ /*!50017 DEFINER=`root`@`localhost`*/ /*!50003 TRIGGER `driver_after_delete` AFTER DELETE ON `driver` FOR EACH ROW BEGIN
    INSERT INTO `Campus_Eats_Fall2020`.`audit_log` (`audit_action`, `audit_details`, `audit_table`, `audit_record_id`) VALUES
    ('DELETE',CONCAT('1 row(s) deleted with License Number - ', OLD.license_number),'driver', OLD.driver_id);
END */;;
DELIMITER ;
/*!50003 SET sql_mode              = @saved_sql_mode */ ;
/*!50003 SET character_set_client  = @saved_cs_client */ ;
/*!50003 SET character_set_results = @saved_cs_results */ ;
/*!50003 SET collation_connection  = @saved_col_connection */ ;

--
-- Table structure for table `driver_rating`
--

DROP TABLE IF EXISTS `driver_rating`;
/*!40101 SET @saved_cs_client     = @@character_set_client */;
/*!50503 SET character_set_client = utf8mb4 */;
CREATE TABLE `driver_rating` (
  `rating_id` int NOT NULL,
  `driver_speed` int NOT NULL,
  `driver_courtesy` int NOT NULL,
  `driver_comment` varchar(255) DEFAULT NULL,
  PRIMARY KEY (`rating_id`),
  KEY `rating_id_idx` (`rating_id`),
  CONSTRAINT `rating_id_fk2` FOREIGN KEY (`rating_id`) REFERENCES `rating` (`rating_id`)
) ENGINE=InnoDB DEFAULT CHARSET=utf8mb4 COLLATE=utf8mb4_0900_ai_ci;
/*!40101 SET character_set_client = @saved_cs_client */;

--
-- Dumping data for table `driver_rating`
--

LOCK TABLES `driver_rating` WRITE;
/*!40000 ALTER TABLE `driver_rating` DISABLE KEYS */;
INSERT INTO `driver_rating` VALUES (1,2,2,'Lorem ipsum dolor sit amet,'),(2,3,3,'Lorem ipsum dolor sit amet, consectetuer adipiscing elit. Curabitur sed tortor. Integer aliquam adipiscing lacus. Ut'),(3,1,3,'Lorem ipsum dolor sit amet, consectetuer adipiscing elit. Curabitur sed tortor. Integer aliquam adipiscing lacus. Ut nec urna et arcu imperdiet ullamcorper. Duis at lacus.'),(4,3,4,'Lorem ipsum dolor sit amet, consectetuer adipiscing elit. Curabitur sed tortor. Integer aliquam adipiscing lacus. Ut'),(5,1,5,'Lorem ipsum dolor sit amet, consectetuer adipiscing elit. Curabitur sed tortor. Integer aliquam adipiscing lacus. Ut nec urna et arcu imperdiet ullamcorper. Duis at lacus.'),(6,5,3,'Lorem'),(7,1,2,'Lorem ipsum dolor sit amet, consectetuer adipiscing elit. Curabitur sed tortor. Integer aliquam adipiscing'),(8,3,4,'Lorem ipsum dolor sit amet, consectetuer adipiscing elit. Curabitur sed tortor. Integer aliquam adipiscing lacus. Ut nec urna et arcu imperdiet ullamcorper. Duis at lacus. Quisque purus sapien, gravida'),(9,4,4,'Lorem ipsum dolor sit amet,'),(10,2,1,'Lorem ipsum dolor sit amet, consectetuer adipiscing elit. Curabitur sed tortor. Integer aliquam adipiscing lacus. Ut nec urna et arcu imperdiet ullamcorper.'),(11,1,1,'Lorem ipsum dolor sit amet, consectetuer adipiscing elit. Curabitur sed tortor. Integer aliquam adipiscing lacus. Ut nec urna et arcu imperdiet ullamcorper. Duis at lacus.'),(12,5,5,'Lorem ipsum dolor sit amet, consectetuer adipiscing elit. Curabitur sed tortor. Integer aliquam adipiscing lacus. Ut nec urna et arcu imperdiet ullamcorper. Duis at lacus. Quisque purus sapien, gravida'),(13,2,2,'Lorem ipsum dolor sit amet, consectetuer adipiscing elit. Curabitur sed tortor. Integer aliquam adipiscing lacus.'),(14,3,4,'Lorem ipsum dolor sit amet, consectetuer adipiscing elit. Curabitur sed'),(15,1,5,'Lorem ipsum dolor'),(16,5,3,'Lorem ipsum dolor sit amet,'),(17,3,1,'Lorem ipsum dolor'),(18,1,5,'Lorem ipsum dolor sit amet, consectetuer adipiscing elit. Curabitur'),(19,1,2,'Lorem ipsum dolor sit amet, consectetuer adipiscing elit. Curabitur sed tortor. Integer aliquam adipiscing lacus. Ut nec urna et'),(20,2,3,'Lorem ipsum dolor sit amet, consectetuer adipiscing elit. Curabitur sed tortor. Integer'),(21,2,3,'Lorem ipsum dolor sit amet, consectetuer adipiscing elit. Curabitur sed tortor. Integer aliquam adipiscing lacus. Ut nec urna et arcu imperdiet'),(22,2,3,'Lorem ipsum dolor'),(23,1,5,'Lorem ipsum dolor sit amet, consectetuer adipiscing elit. Curabitur sed tortor.'),(24,1,3,'Lorem ipsum dolor sit amet, consectetuer adipiscing elit. Curabitur'),(25,3,3,'Lorem ipsum dolor sit amet, consectetuer adipiscing elit. Curabitur sed tortor. Integer aliquam adipiscing lacus. Ut nec urna'),(26,5,3,'Lorem ipsum dolor sit amet, consectetuer adipiscing elit. Curabitur sed tortor.'),(27,2,3,'Lorem ipsum dolor sit amet, consectetuer adipiscing elit. Curabitur sed tortor. Integer aliquam adipiscing lacus. Ut nec urna et arcu imperdiet ullamcorper.'),(28,1,3,'Lorem ipsum dolor sit amet, consectetuer adipiscing elit. Curabitur sed tortor. Integer aliquam adipiscing lacus. Ut nec urna et arcu'),(29,1,4,'Lorem ipsum dolor sit amet, consectetuer adipiscing elit. Curabitur sed tortor. Integer aliquam adipiscing lacus. Ut nec urna et arcu imperdiet ullamcorper. Duis at lacus. Quisque'),(30,5,2,'Lorem ipsum dolor sit amet, consectetuer adipiscing elit. Curabitur sed tortor. Integer aliquam adipiscing lacus. Ut nec urna et arcu imperdiet ullamcorper. Duis at lacus. Quisque purus sapien, gravida non,'),(31,3,3,'Lorem ipsum dolor sit amet, consectetuer adipiscing elit. Curabitur sed tortor. Integer aliquam adipiscing lacus. Ut nec urna et arcu imperdiet ullamcorper. Duis at lacus. Quisque purus sapien, gravida'),(32,3,5,'Lorem ipsum dolor sit amet, consectetuer adipiscing elit. Curabitur sed tortor.'),(33,5,1,'Lorem ipsum dolor sit amet, consectetuer adipiscing elit. Curabitur sed tortor. Integer aliquam adipiscing lacus. Ut nec urna et arcu imperdiet ullamcorper. Duis'),(34,2,5,'Lorem ipsum dolor sit amet, consectetuer adipiscing elit. Curabitur sed tortor.'),(35,1,4,'Lorem ipsum dolor sit amet, consectetuer adipiscing elit. Curabitur sed tortor. Integer aliquam adipiscing lacus. Ut nec urna et arcu imperdiet ullamcorper. Duis'),(36,2,1,'Lorem ipsum dolor sit amet, consectetuer adipiscing elit. Curabitur sed tortor. Integer aliquam adipiscing lacus. Ut nec'),(37,1,5,'Lorem ipsum dolor sit amet, consectetuer adipiscing elit. Curabitur sed tortor. Integer aliquam adipiscing lacus. Ut nec urna et arcu imperdiet ullamcorper. Duis at lacus. Quisque purus sapien,'),(38,1,5,'Lorem'),(39,1,3,'Lorem ipsum dolor sit'),(40,1,2,'Lorem ipsum dolor sit amet, consectetuer adipiscing elit. Curabitur sed tortor. Integer aliquam adipiscing lacus.'),(41,2,1,'Lorem ipsum dolor sit'),(42,1,2,'Lorem ipsum dolor sit'),(43,4,3,'Lorem ipsum dolor sit amet, consectetuer adipiscing elit. Curabitur sed tortor. Integer aliquam adipiscing lacus. Ut nec urna et arcu imperdiet ullamcorper.'),(44,2,2,'Lorem ipsum'),(45,5,3,'Lorem ipsum dolor sit amet, consectetuer adipiscing elit. Curabitur sed tortor. Integer aliquam adipiscing lacus. Ut nec urna et arcu imperdiet ullamcorper. Duis at lacus. Quisque purus sapien, gravida non,'),(46,1,4,'Lorem ipsum dolor sit amet, consectetuer adipiscing elit. Curabitur sed tortor. Integer aliquam adipiscing lacus. Ut nec urna et arcu imperdiet ullamcorper. Duis at'),(47,3,3,'Lorem ipsum dolor sit amet, consectetuer adipiscing elit. Curabitur sed tortor. Integer'),(48,3,1,'Lorem ipsum dolor sit amet, consectetuer adipiscing elit. Curabitur sed tortor. Integer'),(49,5,4,'Lorem ipsum dolor sit amet, consectetuer adipiscing elit. Curabitur sed'),(50,2,1,'Lorem ipsum dolor sit amet, consectetuer adipiscing elit. Curabitur sed tortor. Integer'),(51,5,3,'Lorem ipsum dolor sit amet,'),(52,2,5,'Lorem ipsum dolor sit amet, consectetuer adipiscing elit. Curabitur sed tortor. Integer aliquam adipiscing lacus. Ut'),(53,5,5,'Lorem ipsum dolor sit amet, consectetuer adipiscing elit. Curabitur sed tortor. Integer aliquam adipiscing lacus. Ut nec urna et arcu imperdiet ullamcorper.'),(54,4,1,'Lorem ipsum dolor sit amet, consectetuer adipiscing elit. Curabitur sed tortor. Integer aliquam adipiscing lacus. Ut nec urna et arcu imperdiet ullamcorper. Duis at lacus.'),(55,3,2,'Lorem ipsum dolor sit amet, consectetuer adipiscing'),(56,4,4,'Lorem ipsum dolor sit amet, consectetuer adipiscing elit. Curabitur sed tortor. Integer aliquam adipiscing lacus. Ut nec urna et arcu imperdiet ullamcorper. Duis at'),(57,5,5,'Lorem ipsum dolor sit amet, consectetuer adipiscing elit. Curabitur sed tortor. Integer aliquam adipiscing lacus. Ut nec urna et arcu'),(58,2,4,'Lorem ipsum dolor sit amet, consectetuer adipiscing elit. Curabitur'),(59,1,5,'Lorem ipsum dolor sit amet, consectetuer adipiscing elit. Curabitur sed tortor. Integer aliquam adipiscing lacus. Ut nec urna et arcu'),(60,1,4,'Lorem ipsum dolor sit amet, consectetuer adipiscing'),(61,4,1,'Lorem ipsum dolor sit amet, consectetuer adipiscing elit. Curabitur sed tortor. Integer aliquam adipiscing lacus. Ut nec urna et arcu'),(62,5,3,'Lorem ipsum dolor sit amet, consectetuer adipiscing elit. Curabitur sed tortor. Integer aliquam adipiscing lacus. Ut'),(63,3,3,'Lorem ipsum dolor sit amet, consectetuer adipiscing elit. Curabitur sed tortor. Integer aliquam adipiscing lacus. Ut nec urna et arcu imperdiet ullamcorper. Duis at lacus. Quisque purus'),(64,5,5,'Lorem ipsum dolor sit amet, consectetuer adipiscing elit. Curabitur sed tortor. Integer aliquam adipiscing lacus. Ut nec urna et arcu imperdiet ullamcorper. Duis at lacus. Quisque purus'),(65,3,1,'Lorem ipsum dolor sit amet, consectetuer adipiscing'),(66,4,3,'Lorem ipsum dolor sit amet, consectetuer adipiscing elit.'),(67,5,3,'Lorem ipsum dolor sit amet, consectetuer adipiscing elit. Curabitur sed tortor. Integer aliquam adipiscing lacus. Ut nec urna et arcu imperdiet ullamcorper. Duis at lacus. Quisque purus sapien, gravida non,'),(68,3,2,'Lorem ipsum dolor sit amet, consectetuer adipiscing elit. Curabitur sed tortor. Integer aliquam adipiscing lacus. Ut nec urna et arcu imperdiet ullamcorper. Duis at lacus. Quisque purus'),(69,3,2,'Lorem ipsum dolor sit amet, consectetuer adipiscing elit. Curabitur sed tortor. Integer aliquam adipiscing lacus. Ut nec urna et arcu imperdiet ullamcorper. Duis at lacus. Quisque purus sapien,'),(70,4,1,'Lorem ipsum dolor sit amet, consectetuer adipiscing elit. Curabitur'),(71,3,2,'Lorem ipsum dolor sit amet, consectetuer adipiscing elit. Curabitur sed tortor. Integer aliquam adipiscing lacus. Ut nec urna et arcu imperdiet'),(72,1,4,'Lorem ipsum dolor sit amet, consectetuer adipiscing elit. Curabitur sed tortor. Integer aliquam adipiscing lacus. Ut nec urna et arcu imperdiet ullamcorper. Duis at lacus. Quisque purus sapien,'),(73,3,3,'Lorem ipsum dolor sit amet, consectetuer adipiscing elit. Curabitur sed tortor. Integer aliquam'),(74,1,5,'Lorem ipsum dolor sit amet, consectetuer adipiscing'),(75,4,3,'Lorem ipsum dolor sit amet, consectetuer adipiscing elit. Curabitur'),(76,2,5,'Lorem ipsum dolor sit amet, consectetuer'),(77,2,5,'Lorem ipsum dolor sit amet, consectetuer adipiscing elit. Curabitur sed tortor. Integer aliquam adipiscing lacus. Ut'),(78,4,1,'Lorem ipsum dolor sit amet, consectetuer'),(79,1,2,'Lorem ipsum dolor sit amet,'),(80,1,1,'Lorem ipsum dolor sit amet, consectetuer adipiscing elit. Curabitur sed tortor. Integer aliquam adipiscing lacus. Ut nec urna et arcu'),(81,1,1,'Lorem ipsum dolor sit amet, consectetuer adipiscing elit. Curabitur sed tortor. Integer aliquam adipiscing lacus. Ut nec'),(82,1,1,'Lorem ipsum dolor sit amet, consectetuer adipiscing elit. Curabitur sed tortor. Integer aliquam adipiscing lacus. Ut nec urna'),(83,4,2,'Lorem ipsum dolor sit amet, consectetuer adipiscing elit. Curabitur sed tortor. Integer aliquam adipiscing lacus. Ut nec urna et arcu imperdiet ullamcorper. Duis'),(84,3,4,'Lorem ipsum dolor sit amet, consectetuer adipiscing elit. Curabitur sed tortor. Integer aliquam adipiscing lacus. Ut nec urna et'),(85,2,5,'Lorem ipsum dolor sit amet, consectetuer adipiscing elit. Curabitur sed tortor. Integer aliquam'),(86,1,1,'Lorem ipsum dolor sit amet, consectetuer adipiscing elit. Curabitur sed tortor. Integer aliquam adipiscing lacus. Ut nec urna et arcu imperdiet ullamcorper. Duis at'),(87,3,4,'Lorem ipsum dolor sit amet, consectetuer adipiscing elit. Curabitur sed'),(88,2,4,'Lorem ipsum dolor sit'),(89,1,4,'Lorem ipsum dolor sit amet, consectetuer adipiscing elit. Curabitur sed tortor. Integer aliquam adipiscing lacus. Ut nec urna'),(90,4,1,'Lorem ipsum dolor sit amet, consectetuer adipiscing elit. Curabitur sed tortor. Integer aliquam adipiscing lacus. Ut'),(91,2,5,'Lorem ipsum dolor sit amet, consectetuer adipiscing elit. Curabitur sed tortor. Integer aliquam adipiscing lacus. Ut nec urna et arcu imperdiet ullamcorper.'),(92,5,5,'Lorem ipsum dolor sit amet, consectetuer adipiscing elit. Curabitur sed tortor. Integer aliquam adipiscing lacus. Ut nec urna et arcu imperdiet ullamcorper.'),(93,5,1,'Lorem ipsum dolor sit amet, consectetuer adipiscing elit. Curabitur sed tortor. Integer aliquam adipiscing lacus. Ut nec urna et arcu imperdiet ullamcorper.'),(94,3,3,'Lorem ipsum dolor sit amet, consectetuer adipiscing elit. Curabitur sed tortor. Integer aliquam adipiscing lacus. Ut nec urna et arcu imperdiet ullamcorper. Duis'),(95,3,3,'Lorem ipsum dolor sit amet, consectetuer adipiscing elit.'),(96,5,3,'Lorem ipsum dolor sit amet, consectetuer adipiscing elit. Curabitur sed tortor. Integer aliquam adipiscing lacus. Ut nec urna et arcu imperdiet ullamcorper. Duis at lacus. Quisque purus sapien, gravida non,'),(97,3,4,'Lorem ipsum dolor sit amet, consectetuer adipiscing elit. Curabitur sed tortor. Integer aliquam adipiscing lacus.'),(98,5,3,'Lorem ipsum dolor sit amet, consectetuer adipiscing elit.'),(99,1,3,'Lorem ipsum dolor sit amet, consectetuer adipiscing elit. Curabitur sed tortor. Integer aliquam adipiscing lacus. Ut nec urna et arcu imperdiet ullamcorper. Duis'),(100,4,2,'Lorem ipsum dolor sit amet, consectetuer adipiscing elit. Curabitur sed tortor. Integer'),(101,3,2,'ornare egestas ligula. Nullam feugiat placerat velit. Quisque varius.'),(102,4,1,'molestie in, tempus'),(103,1,1,'dignissim tempor arcu. Vestibulum ut eros non enim commodo hendrerit. Donec porttitor tellus'),(104,3,5,'magna. Suspendisse tristique neque venenatis lacus.'),(105,1,5,'nec, malesuada ut, sem. Nulla interdum.'),(106,3,3,'tincidunt orci quis lectus. Nullam suscipit,'),(107,1,2,'Donec tempor, est ac mattis semper,'),(108,4,4,'at, egestas a, scelerisque sed, sapien.'),(109,1,3,'in sodales elit'),(110,3,4,'eu, ultrices sit amet, risus. Donec nibh enim, gravida sit'),(111,3,5,'a sollicitudin orci sem eget massa. Suspendisse eleifend. Cras sed leo. Cras vehicula aliquet libero. Integer in magna. Phasellus'),(112,2,2,'turpis. Nulla aliquet. Proin velit. Sed malesuada augue ut lacus. Nulla tincidunt, neque vitae semper egestas, urna justo faucibus'),(113,2,2,'feugiat. Lorem ipsum dolor sit amet, consectetuer adipiscing elit. Aliquam auctor, velit eget laoreet posuere, enim nisl elementum purus,'),(114,2,5,'erat semper rutrum. Fusce dolor quam, elementum at, egestas a, scelerisque sed, sapien. Nunc'),(115,3,4,'luctus felis purus ac tellus. Suspendisse sed dolor. Fusce mi lorem, vehicula et,'),(116,1,3,'senectus et netus et malesuada fames ac turpis egestas.'),(117,1,4,'neque. Sed eget lacus. Mauris non dui nec urna suscipit nonummy. Fusce'),(118,1,5,'nisl'),(119,4,3,'semper rutrum. Fusce dolor quam, elementum at, egestas a, scelerisque sed, sapien. Nunc'),(120,2,2,'ultrices a, auctor non, feugiat nec, diam. Duis mi enim, condimentum eget, volutpat ornare, facilisis eget, ipsum. Donec'),(121,1,3,'nibh lacinia'),(122,3,3,'Mauris molestie pharetra nibh. Aliquam'),(123,1,3,'purus. Duis elementum, dui quis accumsan convallis, ante lectus convallis est, vitae sodales nisi magna sed'),(124,1,4,'rhoncus id, mollis nec, cursus a, enim. Suspendisse aliquet, sem'),(125,5,2,'nec, eleifend non, dapibus rutrum, justo.'),(126,3,5,'Vivamus molestie dapibus ligula. Aliquam erat volutpat. Nulla dignissim. Maecenas'),(127,1,2,'enim, gravida'),(128,5,4,'sed pede. Cum sociis natoque penatibus et magnis dis parturient montes, nascetur ridiculus mus.'),(129,5,3,'arcu. Vestibulum ante ipsum primis in faucibus orci luctus et ultrices posuere cubilia Curae; Donec'),(130,1,1,'Aliquam tincidunt, nunc ac mattis ornare, lectus ante dictum mi, ac mattis velit justo nec ante. Maecenas mi'),(131,1,5,'Vestibulum accumsan neque et nunc. Quisque ornare tortor at risus.'),(132,1,5,'in felis. Nulla tempor augue ac ipsum. Phasellus vitae mauris sit amet lorem semper auctor.'),(133,2,2,'condimentum. Donec at arcu. Vestibulum ante ipsum primis in faucibus orci luctus et ultrices posuere cubilia Curae; Donec tincidunt.'),(134,2,4,'eros. Nam consequat dolor vitae dolor. Donec fringilla. Donec feugiat metus sit amet ante. Vivamus non lorem vitae odio'),(135,2,1,'Integer urna. Vivamus molestie dapibus ligula. Aliquam erat volutpat. Nulla dignissim. Maecenas ornare egestas ligula. Nullam feugiat placerat velit. Quisque'),(136,5,5,'eu neque pellentesque massa lobortis ultrices. Vivamus rhoncus. Donec est. Nunc ullamcorper, velit in aliquet lobortis, nisi nibh lacinia orci,'),(137,5,5,'eget magna. Suspendisse tristique neque venenatis lacus. Etiam bibendum fermentum metus. Aenean sed pede nec ante'),(138,1,2,'habitant morbi tristique senectus et netus et malesuada fames ac turpis egestas. Aliquam fringilla cursus purus. Nullam scelerisque'),(139,1,1,'sed dui. Fusce aliquam, enim nec tempus scelerisque, lorem ipsum sodales purus, in molestie tortor nibh sit amet'),(140,1,1,'condimentum. Donec at arcu. Vestibulum ante ipsum primis in faucibus orci luctus et ultrices posuere cubilia Curae;'),(141,3,2,'ut, pellentesque eget, dictum placerat, augue. Sed molestie. Sed id risus quis diam luctus lobortis. Class aptent'),(142,1,2,'non arcu. Vivamus sit'),(143,1,4,'Pellentesque habitant morbi tristique senectus et netus et malesuada fames ac'),(144,5,1,'dui, in sodales elit erat vitae risus. Duis a mi fringilla mi lacinia mattis.'),(145,1,5,'Aliquam'),(146,2,2,'a nunc. In at pede. Cras'),(147,2,3,'porttitor tellus non magna. Nam ligula elit,'),(148,1,4,'ac'),(149,5,3,'Morbi vehicula. Pellentesque tincidunt tempus risus. Donec egestas. Duis ac arcu. Nunc mauris. Morbi non sapien molestie orci'),(150,1,5,'libero. Proin mi. Aliquam gravida mauris ut mi. Duis risus odio, auctor vitae, aliquet'),(151,5,2,'lectus convallis est, vitae sodales nisi'),(152,3,1,'dolor. Fusce mi lorem, vehicula et, rutrum eu, ultrices sit amet,'),(153,3,2,'molestie dapibus ligula. Aliquam erat volutpat. Nulla dignissim. Maecenas ornare egestas'),(154,4,5,'dui. Fusce'),(155,1,1,'enim. Curabitur massa.'),(156,3,1,'quis'),(157,4,4,'magna. Suspendisse'),(158,2,3,'ac libero nec ligula consectetuer rhoncus. Nullam velit dui,'),(159,1,3,'accumsan laoreet ipsum. Curabitur consequat, lectus sit amet'),(160,3,1,'tempus mauris erat eget ipsum. Suspendisse sagittis. Nullam vitae diam. Proin dolor. Nulla semper tellus id nunc'),(161,3,2,'ac, fermentum vel,'),(162,4,5,'non, lobortis quis, pede. Suspendisse dui. Fusce diam nunc, ullamcorper eu, euismod ac, fermentum vel, mauris. Integer sem elit, pharetra'),(163,1,5,'non leo. Vivamus nibh dolor, nonummy ac, feugiat'),(164,5,5,'Etiam bibendum fermentum metus. Aenean sed pede'),(165,1,1,'lobortis augue scelerisque mollis. Phasellus libero mauris, aliquam eu, accumsan sed,'),(166,4,1,'sem semper erat, in consectetuer'),(167,5,1,'ullamcorper, nisl arcu iaculis enim, sit amet ornare lectus justo eu arcu. Morbi sit'),(168,2,1,'sapien. Aenean massa. Integer vitae nibh. Donec est mauris, rhoncus id, mollis nec, cursus a, enim. Suspendisse aliquet, sem'),(169,4,3,'nec enim. Nunc ut erat. Sed nunc est, mollis non, cursus non, egestas a, dui. Cras'),(170,3,4,'nisl sem, consequat nec, mollis vitae, posuere at, velit. Cras lorem lorem,'),(171,4,1,'mauris sit'),(172,2,3,'sed, est.'),(173,3,2,'rutrum lorem ac risus. Morbi metus. Vivamus euismod urna. Nullam lobortis'),(174,2,1,'tincidunt orci quis lectus. Nullam suscipit, est ac facilisis facilisis, magna tellus faucibus leo, in lobortis tellus'),(175,4,5,'neque venenatis lacus. Etiam'),(176,4,3,'blandit at, nisi. Cum sociis natoque penatibus et magnis dis parturient'),(177,5,3,'eleifend, nunc risus varius orci, in consequat enim diam vel arcu. Curabitur ut odio vel est'),(178,1,1,'Integer id magna et ipsum cursus vestibulum. Mauris magna. Duis dignissim tempor arcu. Vestibulum ut eros non enim commodo'),(179,3,3,'condimentum eget, volutpat ornare, facilisis eget, ipsum. Donec sollicitudin adipiscing ligula. Aenean gravida nunc sed pede. Cum sociis natoque penatibus'),(180,2,3,'Integer vulputate, risus a ultricies adipiscing, enim mi tempor lorem, eget mollis lectus pede'),(181,1,3,'vehicula et, rutrum eu, ultrices sit amet, risus. Donec nibh enim, gravida sit amet, dapibus id, blandit at, nisi. Cum'),(182,1,4,'urna convallis erat, eget tincidunt dui augue eu tellus. Phasellus elit pede,'),(183,3,2,'malesuada vel, venenatis vel,'),(184,1,4,'bibendum fermentum metus. Aenean sed pede nec'),(185,3,4,'tincidunt tempus risus. Donec egestas. Duis ac arcu. Nunc mauris. Morbi'),(186,2,3,'Nunc mauris elit, dictum eu, eleifend nec, malesuada ut, sem. Nulla interdum. Curabitur dictum. Phasellus in felis.'),(187,2,5,'Fusce diam nunc, ullamcorper eu, euismod ac, fermentum vel, mauris. Integer sem elit, pharetra ut, pharetra sed,'),(188,1,4,'ultricies adipiscing, enim mi tempor lorem, eget'),(189,2,5,'risus.'),(190,2,5,'Mauris eu'),(191,5,2,'vel lectus. Cum sociis natoque'),(192,1,2,'Maecenas mi felis, adipiscing fringilla, porttitor vulputate, posuere vulputate, lacus. Cras interdum. Nunc sollicitudin commodo ipsum. Suspendisse'),(193,2,2,'consectetuer adipiscing elit. Aliquam'),(194,4,5,'lorem fringilla ornare placerat, orci lacus vestibulum lorem, sit amet ultricies sem magna nec quam.'),(195,5,1,'id, libero. Donec consectetuer mauris id sapien. Cras'),(196,5,5,'fermentum risus, at fringilla purus mauris a nunc. In at pede. Cras vulputate'),(197,1,5,'neque pellentesque massa lobortis ultrices. Vivamus rhoncus. Donec est. Nunc ullamcorper, velit in aliquet lobortis, nisi nibh lacinia'),(198,1,3,'elit. Aliquam'),(199,5,1,'nibh dolor, nonummy ac, feugiat non,'),(200,3,1,'a, malesuada id, erat. Etiam vestibulum massa'),(201,4,4,'cursus et, magna. Praesent interdum ligula eu enim. Etiam imperdiet dictum magna. Ut tincidunt orci quis'),(202,4,4,'dictum sapien. Aenean massa. Integer vitae nibh. Donec'),(203,3,2,'tincidunt congue'),(204,3,5,'et netus et malesuada fames ac turpis egestas. Fusce aliquet magna a neque. Nullam'),(205,3,2,'lorem tristique aliquet. Phasellus fermentum convallis ligula. Donec luctus aliquet odio. Etiam ligula tortor, dictum'),(206,5,4,'nisl. Quisque fringilla euismod enim. Etiam gravida molestie arcu. Sed eu nibh vulputate mauris sagittis placerat. Cras dictum ultricies'),(207,2,5,'sit amet, consectetuer'),(208,2,1,'consequat, lectus sit amet luctus vulputate, nisi sem'),(209,3,2,'quis'),(210,1,5,'Nunc sed orci lobortis augue scelerisque mollis. Phasellus libero mauris, aliquam eu, accumsan sed, facilisis vitae,'),(211,3,2,'gravida mauris ut mi. Duis risus'),(212,5,5,'mauris eu elit. Nulla facilisi. Sed neque. Sed eget lacus. Mauris non dui nec urna suscipit nonummy. Fusce'),(213,1,3,'amet, consectetuer adipiscing elit. Aliquam auctor, velit eget laoreet posuere, enim nisl elementum purus, accumsan'),(214,2,5,'ut, nulla. Cras eu tellus eu augue porttitor interdum. Sed auctor odio a purus. Duis elementum, dui quis accumsan convallis,'),(215,2,1,'sapien. Aenean massa. Integer vitae nibh. Donec est mauris, rhoncus id, mollis nec, cursus a, enim.'),(216,2,2,'velit. Aliquam nisl. Nulla eu neque pellentesque'),(217,5,4,'ultrices a, auctor non, feugiat nec, diam. Duis mi enim, condimentum eget, volutpat ornare, facilisis eget,'),(218,5,5,'Cum sociis natoque penatibus et'),(219,4,3,'amet, consectetuer adipiscing elit. Curabitur sed tortor. Integer aliquam adipiscing lacus.'),(220,5,4,'libero lacus, varius et, euismod et, commodo'),(221,3,5,'orci, in consequat enim diam vel arcu. Curabitur'),(222,3,5,'diam. Proin dolor. Nulla semper tellus id nunc interdum feugiat. Sed nec metus facilisis lorem tristique aliquet. Phasellus fermentum convallis'),(223,1,1,'Aliquam rutrum lorem ac risus. Morbi metus. Vivamus euismod urna. Nullam lobortis quam a'),(224,1,3,'morbi tristique'),(225,2,5,'mus. Proin vel nisl. Quisque fringilla euismod enim. Etiam gravida molestie arcu. Sed eu nibh vulputate mauris sagittis'),(226,1,2,'aliquet odio. Etiam ligula tortor, dictum eu, placerat eget, venenatis a, magna. Lorem ipsum dolor'),(227,4,5,'diam. Pellentesque habitant morbi tristique senectus et netus'),(228,1,2,'Morbi neque tellus, imperdiet non, vestibulum nec, euismod in, dolor. Fusce'),(229,2,3,'non, lacinia at, iaculis quis, pede. Praesent eu dui. Cum sociis'),(230,1,2,'bibendum ullamcorper. Duis cursus, diam at pretium aliquet, metus urna convallis erat, eget tincidunt dui'),(231,2,1,'nascetur ridiculus mus.'),(232,5,1,'ornare tortor at risus. Nunc ac sem ut dolor dapibus gravida. Aliquam'),(233,1,3,'Etiam bibendum fermentum metus. Aenean sed pede'),(234,5,2,'posuere cubilia Curae; Phasellus ornare. Fusce mollis. Duis sit'),(235,2,2,'Ut tincidunt vehicula risus. Nulla eget metus eu'),(236,2,3,'nunc sit amet metus. Aliquam erat volutpat. Nulla facilisis.'),(237,1,3,'Phasellus at augue id ante dictum cursus. Nunc mauris elit, dictum eu,'),(238,3,3,'diam nunc, ullamcorper eu, euismod ac, fermentum vel, mauris. Integer'),(239,5,2,'Cras dictum ultricies'),(240,2,2,'Vivamus nibh dolor, nonummy ac, feugiat non, lobortis quis, pede. Suspendisse dui. Fusce diam nunc, ullamcorper eu, euismod ac, fermentum'),(241,5,5,'pellentesque eget, dictum placerat, augue. Sed molestie. Sed id risus'),(242,2,4,'ut erat. Sed nunc est, mollis non, cursus non, egestas a, dui. Cras pellentesque. Sed dictum. Proin'),(243,4,4,'Integer sem elit, pharetra ut, pharetra sed, hendrerit a, arcu. Sed et libero. Proin mi. Aliquam gravida mauris'),(244,4,4,'elementum, dui quis accumsan convallis, ante lectus convallis est, vitae sodales nisi magna sed dui. Fusce'),(245,4,2,'odio. Phasellus at augue id'),(246,5,2,'ac mattis velit justo nec'),(247,2,5,'fermentum convallis ligula. Donec luctus aliquet odio. Etiam ligula tortor, dictum eu, placerat eget, venenatis a, magna. Lorem'),(248,1,1,'commodo auctor velit. Aliquam nisl. Nulla eu neque pellentesque massa lobortis ultrices.'),(249,4,4,'vulputate, nisi sem semper erat,'),(250,3,5,'quis diam. Pellentesque habitant morbi tristique senectus et netus et malesuada fames'),(251,2,3,'metus. In nec'),(252,3,4,'eu metus. In lorem. Donec elementum, lorem ut aliquam iaculis, lacus'),(253,3,1,'Nulla interdum. Curabitur dictum. Phasellus in felis. Nulla'),(254,5,5,'tincidunt. Donec vitae erat vel'),(255,5,5,'ac mattis velit justo nec ante. Maecenas'),(256,1,3,'magnis dis parturient montes, nascetur ridiculus mus. Aenean eget magna. Suspendisse tristique neque venenatis lacus. Etiam bibendum fermentum metus.'),(257,4,2,'feugiat non, lobortis quis, pede. Suspendisse dui. Fusce diam nunc, ullamcorper eu, euismod ac, fermentum'),(258,1,1,'ac facilisis facilisis, magna tellus faucibus leo, in lobortis tellus justo sit amet nulla. Donec non justo. Proin non'),(259,4,2,'viverra. Donec tempus, lorem'),(260,5,5,'ultricies adipiscing, enim mi tempor lorem, eget mollis lectus pede et risus. Quisque libero lacus, varius et, euismod et, commodo'),(261,2,5,'dui'),(262,1,1,'lobortis quam a felis ullamcorper viverra. Maecenas iaculis aliquet diam. Sed diam lorem,'),(263,4,5,'eget massa. Suspendisse eleifend. Cras sed leo. Cras vehicula aliquet libero. Integer in magna. Phasellus'),(264,4,2,'a, arcu. Sed et libero.'),(265,2,1,'risus odio,'),(266,5,1,'vestibulum lorem, sit amet ultricies sem magna nec quam. Curabitur vel lectus. Cum'),(267,5,2,'Pellentesque ultricies dignissim lacus. Aliquam rutrum lorem ac risus. Morbi metus. Vivamus euismod'),(268,5,4,'Nunc mauris. Morbi non sapien molestie orci tincidunt adipiscing.'),(269,5,3,'Maecenas iaculis aliquet diam. Sed diam lorem, auctor quis, tristique ac, eleifend vitae, erat. Vivamus nisi. Mauris nulla.'),(270,5,1,'nec ante blandit viverra. Donec tempus, lorem fringilla ornare placerat, orci lacus vestibulum lorem, sit amet ultricies sem magna nec'),(271,1,4,'vitae erat vel pede blandit congue. In scelerisque'),(272,4,2,'in, cursus et, eros. Proin ultrices. Duis volutpat nunc sit amet metus. Aliquam erat volutpat.'),(273,2,1,'lacinia orci, consectetuer euismod est arcu ac orci. Ut semper pretium neque. Morbi quis urna.'),(274,1,1,'libero. Morbi'),(275,4,3,'Integer tincidunt aliquam arcu. Aliquam ultrices iaculis odio. Nam interdum'),(276,4,4,'a,'),(277,5,1,'est, vitae sodales nisi magna sed dui. Fusce aliquam, enim nec tempus scelerisque,'),(278,2,1,'lobortis. Class aptent taciti sociosqu'),(279,4,2,'ornare. In faucibus. Morbi vehicula. Pellentesque tincidunt tempus risus. Donec'),(280,3,2,'non enim. Mauris quis turpis vitae purus gravida sagittis. Duis gravida. Praesent'),(281,5,3,'Praesent'),(282,5,4,'risus. Quisque libero'),(283,5,5,'vel lectus. Cum sociis natoque penatibus et magnis'),(284,5,5,'ante'),(285,5,4,'pulvinar arcu et pede. Nunc sed orci lobortis augue scelerisque mollis. Phasellus libero mauris, aliquam eu, accumsan'),(286,1,3,'diam.'),(287,1,4,'vitae, erat. Vivamus nisi. Mauris nulla. Integer urna. Vivamus'),(288,3,5,'magna tellus faucibus leo, in lobortis tellus justo sit amet nulla. Donec non justo. Proin non massa non ante bibendum'),(289,4,2,'suscipit, est ac facilisis facilisis, magna tellus faucibus leo,'),(290,5,5,'quis, pede. Suspendisse dui. Fusce diam nunc, ullamcorper eu, euismod ac, fermentum vel, mauris.'),(291,1,3,'elit, pretium et, rutrum non, hendrerit id, ante. Nunc mauris sapien,'),(292,5,1,'nunc id enim.'),(293,3,4,'ipsum ac mi eleifend egestas. Sed pharetra, felis eget varius ultrices, mauris ipsum'),(294,1,5,'Morbi sit amet massa. Quisque porttitor eros nec tellus. Nunc lectus pede, ultrices a, auctor non, feugiat nec,'),(295,4,2,'consequat purus. Maecenas libero est, congue a, aliquet vel, vulputate eu, odio. Phasellus at augue id ante dictum'),(296,2,1,'dapibus ligula. Aliquam'),(297,4,5,'lobortis. Class aptent taciti sociosqu ad litora torquent per conubia nostra,'),(298,1,4,'urna. Nullam lobortis quam a felis ullamcorper viverra. Maecenas'),(299,1,5,'rhoncus. Proin nisl sem, consequat nec, mollis vitae, posuere'),(300,5,1,'Cras dictum ultricies ligula. Nullam enim. Sed nulla ante, iaculis nec, eleifend'),(301,5,5,'risus. In mi pede, nonummy'),(302,1,5,'enim. Etiam'),(303,1,5,'iaculis, lacus pede sagittis augue, eu tempor erat neque non quam. Pellentesque habitant morbi tristique senectus'),(304,3,3,'ligula consectetuer rhoncus. Nullam velit dui, semper et,'),(305,3,4,'Aenean egestas hendrerit neque. In ornare sagittis felis. Donec tempor, est ac mattis semper, dui lectus rutrum urna, nec luctus'),(306,3,1,'lorem fringilla ornare placerat, orci lacus vestibulum lorem, sit amet ultricies sem magna nec quam. Curabitur vel lectus.'),(307,5,2,'mauris. Suspendisse aliquet molestie tellus. Aenean egestas hendrerit neque. In ornare sagittis felis. Donec tempor,'),(308,4,2,'ipsum primis in faucibus orci luctus et ultrices posuere cubilia Curae; Phasellus ornare. Fusce mollis.'),(309,2,1,'egestas rhoncus. Proin nisl sem, consequat nec, mollis vitae,'),(310,3,1,'lorem, auctor quis, tristique ac, eleifend vitae, erat. Vivamus nisi. Mauris nulla. Integer urna. Vivamus molestie dapibus ligula. Aliquam erat'),(311,2,5,'rutrum lorem ac risus. Morbi metus. Vivamus euismod urna. Nullam lobortis quam a felis ullamcorper viverra. Maecenas iaculis aliquet diam.'),(312,4,1,'Nulla'),(313,1,4,'Fusce aliquam, enim nec tempus scelerisque, lorem ipsum sodales purus, in molestie'),(314,3,3,'Ut sagittis lobortis mauris. Suspendisse aliquet molestie tellus. Aenean egestas hendrerit neque. In ornare sagittis felis. Donec tempor,'),(315,3,4,'fringilla, porttitor vulputate, posuere vulputate, lacus. Cras interdum. Nunc sollicitudin commodo ipsum. Suspendisse non leo.'),(316,2,2,'condimentum. Donec at arcu. Vestibulum ante ipsum'),(317,5,2,'nunc sit amet metus. Aliquam erat volutpat. Nulla facilisis. Suspendisse commodo tincidunt nibh. Phasellus nulla.'),(318,4,3,'enim non nisi. Aenean eget metus. In nec orci. Donec nibh.'),(319,4,4,'Donec tempus, lorem fringilla ornare placerat, orci lacus vestibulum lorem, sit amet ultricies sem magna nec quam. Curabitur vel'),(320,3,1,'bibendum. Donec felis orci, adipiscing non, luctus sit amet, faucibus ut, nulla. Cras eu tellus eu augue'),(321,1,5,'purus. Nullam scelerisque neque sed sem egestas blandit.'),(322,2,4,'tellus eu augue porttitor interdum. Sed auctor odio a purus. Duis elementum, dui quis accumsan convallis, ante lectus convallis'),(323,1,3,'velit. Cras lorem lorem, luctus ut, pellentesque eget, dictum placerat, augue. Sed molestie. Sed id risus quis'),(324,5,5,'dui. Fusce'),(325,3,3,'Sed et libero. Proin mi. Aliquam gravida mauris ut mi. Duis risus odio, auctor vitae, aliquet nec, imperdiet nec,'),(326,3,3,'mauris sagittis placerat. Cras dictum ultricies ligula. Nullam enim. Sed nulla ante, iaculis nec, eleifend non, dapibus rutrum, justo. Praesent'),(327,4,2,'Fusce diam nunc, ullamcorper eu,'),(328,3,1,'accumsan sed, facilisis vitae, orci. Phasellus dapibus quam quis diam. Pellentesque habitant morbi tristique'),(329,2,5,'consequat dolor vitae dolor.'),(330,3,5,'nonummy ut, molestie in, tempus eu, ligula. Aenean euismod mauris eu elit.'),(331,4,4,'eu odio tristique pharetra. Quisque ac libero nec ligula consectetuer rhoncus. Nullam velit dui, semper et, lacinia vitae, sodales'),(332,1,4,'sit amet metus. Aliquam erat volutpat. Nulla facilisis. Suspendisse commodo tincidunt nibh. Phasellus nulla. Integer vulputate, risus a ultricies adipiscing,'),(333,5,5,'sit amet, faucibus ut, nulla. Cras eu tellus eu augue porttitor interdum. Sed auctor'),(334,2,3,'et, rutrum non, hendrerit id, ante.'),(335,1,2,'Integer tincidunt aliquam arcu. Aliquam ultrices iaculis odio. Nam interdum enim non nisi.'),(336,4,2,'sollicitudin adipiscing ligula.'),(337,1,3,'ut, pharetra sed, hendrerit a,'),(338,4,3,'dui. Cras pellentesque.'),(339,4,5,'quis massa. Mauris vestibulum, neque sed dictum eleifend, nunc'),(340,5,1,'elementum at, egestas a, scelerisque sed, sapien. Nunc pulvinar arcu et pede. Nunc sed orci lobortis augue'),(341,2,3,'ac turpis egestas. Fusce aliquet magna a neque. Nullam ut nisi'),(342,4,2,'vel arcu eu odio tristique pharetra. Quisque ac libero nec'),(343,5,5,'porttitor tellus'),(344,2,4,'In mi pede, nonummy ut, molestie in, tempus eu, ligula. Aenean euismod'),(345,4,5,'eu metus. In lorem. Donec elementum, lorem ut aliquam iaculis, lacus pede sagittis augue, eu tempor erat neque non'),(346,1,3,'dolor dolor, tempus non, lacinia at, iaculis quis, pede. Praesent eu dui. Cum sociis natoque penatibus et magnis'),(347,1,4,'Sed neque. Sed eget lacus. Mauris'),(348,2,5,'lorem semper auctor. Mauris vel turpis. Aliquam adipiscing lobortis risus. In mi pede, nonummy ut, molestie'),(349,5,5,'turpis. In condimentum. Donec at arcu. Vestibulum ante ipsum primis in faucibus orci luctus et'),(350,3,2,'non quam. Pellentesque habitant morbi tristique senectus et netus et malesuada fames ac turpis'),(351,1,5,'dolor dapibus gravida. Aliquam tincidunt, nunc ac mattis ornare, lectus ante dictum mi,'),(352,2,2,'eros non enim commodo hendrerit. Donec porttitor tellus non magna. Nam ligula elit, pretium et, rutrum non, hendrerit id,'),(353,3,2,'ornare, facilisis eget, ipsum. Donec sollicitudin'),(354,5,4,'leo. Vivamus nibh dolor, nonummy'),(355,2,4,'ante bibendum ullamcorper. Duis cursus, diam at pretium aliquet, metus urna convallis erat, eget tincidunt dui augue'),(356,1,3,'vel sapien imperdiet ornare. In faucibus. Morbi vehicula. Pellentesque'),(357,5,2,'Mauris vestibulum, neque sed dictum eleifend, nunc risus varius orci, in'),(358,2,1,'pharetra, felis eget varius ultrices, mauris ipsum porta elit, a feugiat tellus'),(359,2,3,'facilisis. Suspendisse commodo'),(360,2,5,'malesuada. Integer id magna et ipsum cursus vestibulum. Mauris magna. Duis dignissim tempor arcu. Vestibulum ut'),(361,2,3,'Cras dolor dolor, tempus non, lacinia'),(362,1,2,'Vivamus nisi. Mauris nulla. Integer urna. Vivamus molestie dapibus ligula. Aliquam erat volutpat. Nulla dignissim. Maecenas'),(363,5,4,'nulla magna, malesuada vel, convallis in, cursus et, eros. Proin ultrices. Duis volutpat nunc sit amet metus. Aliquam erat volutpat.'),(364,5,1,'volutpat. Nulla facilisis. Suspendisse commodo tincidunt nibh. Phasellus nulla. Integer vulputate, risus a'),(365,1,3,'sem magna nec quam. Curabitur vel lectus. Cum sociis natoque'),(366,4,2,'ut quam vel sapien imperdiet ornare.'),(367,5,4,'magna. Suspendisse tristique neque venenatis lacus. Etiam bibendum fermentum metus. Aenean sed pede nec ante'),(368,3,4,'et, lacinia vitae, sodales at, velit. Pellentesque ultricies dignissim'),(369,5,2,'vel, mauris. Integer sem elit, pharetra'),(370,4,3,'egestas hendrerit neque. In ornare sagittis felis. Donec tempor, est ac mattis semper, dui lectus rutrum'),(371,2,1,'tellus eu augue porttitor interdum. Sed auctor odio a purus. Duis elementum, dui'),(372,2,3,'non, dapibus rutrum, justo.'),(373,4,1,'semper. Nam tempor diam dictum sapien. Aenean massa. Integer vitae nibh. Donec est mauris, rhoncus id, mollis nec, cursus a,'),(374,2,5,'sed tortor. Integer aliquam adipiscing lacus.'),(375,1,2,'ligula tortor, dictum eu, placerat eget, venenatis a, magna. Lorem ipsum dolor sit'),(376,4,5,'rutrum urna, nec luctus felis purus ac tellus.'),(377,2,3,'sed dolor. Fusce mi lorem, vehicula et, rutrum eu, ultrices'),(378,2,3,'amet, consectetuer adipiscing elit. Curabitur sed tortor. Integer aliquam adipiscing lacus. Ut nec urna'),(379,4,2,'Integer mollis. Integer tincidunt aliquam arcu. Aliquam ultrices iaculis odio. Nam interdum'),(380,3,3,'Vivamus euismod urna. Nullam lobortis quam'),(381,3,3,'senectus et netus et malesuada fames ac turpis egestas. Aliquam fringilla cursus purus. Nullam scelerisque'),(382,2,5,'malesuada vel, venenatis vel, faucibus id, libero. Donec consectetuer mauris id sapien. Cras'),(383,2,2,'erat neque non quam. Pellentesque habitant morbi tristique senectus'),(384,3,2,'aliquet molestie tellus. Aenean egestas hendrerit neque. In ornare sagittis'),(385,3,3,'Morbi non sapien'),(386,1,3,'vel arcu eu'),(387,3,4,'tellus lorem'),(388,3,2,'egestas a, dui. Cras pellentesque. Sed dictum. Proin'),(389,2,2,'cursus. Nunc mauris elit, dictum eu, eleifend nec, malesuada ut, sem. Nulla interdum. Curabitur dictum. Phasellus in felis.'),(390,2,5,'mollis. Duis sit'),(391,1,4,'aliquet. Proin velit. Sed malesuada augue ut lacus. Nulla tincidunt, neque vitae semper egestas, urna justo faucibus lectus, a'),(392,3,5,'at sem molestie sodales. Mauris blandit enim consequat purus. Maecenas libero est,'),(393,4,1,'sollicitudin a, malesuada id, erat. Etiam vestibulum massa rutrum magna. Cras convallis'),(394,4,3,'enim, sit amet ornare lectus justo eu arcu. Morbi sit amet massa. Quisque porttitor eros'),(395,4,4,'eget odio. Aliquam vulputate ullamcorper magna. Sed eu'),(396,2,2,'tempor augue ac ipsum. Phasellus vitae mauris sit amet lorem semper auctor.'),(397,2,1,'nec tellus. Nunc lectus pede, ultrices a, auctor non, feugiat nec, diam. Duis mi'),(398,2,1,'non sapien'),(399,3,4,'vestibulum, neque sed dictum eleifend, nunc risus varius orci, in consequat enim diam vel arcu. Curabitur ut odio'),(400,5,3,'pede. Cras vulputate velit eu sem. Pellentesque ut ipsum ac mi eleifend egestas. Sed pharetra, felis eget varius'),(401,5,2,'Aenean egestas hendrerit'),(402,2,1,'dolor, tempus non,'),(403,1,2,'Vivamus molestie dapibus ligula. Aliquam erat volutpat. Nulla dignissim. Maecenas ornare egestas ligula. Nullam feugiat placerat velit. Quisque varius.'),(404,2,3,'eget metus. In nec orci.'),(405,5,4,'venenatis lacus. Etiam bibendum fermentum metus. Aenean sed pede nec ante blandit viverra. Donec tempus, lorem fringilla ornare placerat, orci'),(406,4,2,'vitae diam. Proin dolor. Nulla semper'),(407,5,2,'Duis sit amet diam eu dolor egestas rhoncus. Proin'),(408,4,2,'Sed molestie. Sed id risus quis diam luctus lobortis. Class'),(409,5,4,'Donec est mauris, rhoncus'),(410,2,2,'ultrices posuere cubilia Curae; Phasellus ornare.'),(411,2,3,'consectetuer'),(412,1,1,'In nec orci. Donec nibh. Quisque nonummy ipsum non arcu. Vivamus sit amet risus. Donec egestas. Aliquam nec enim.'),(413,2,5,'ligula. Aenean euismod mauris eu elit. Nulla facilisi.'),(414,5,1,'natoque penatibus et magnis dis parturient montes, nascetur ridiculus mus. Proin vel'),(415,5,3,'pretium aliquet, metus urna convallis erat, eget tincidunt dui augue eu tellus. Phasellus elit pede,'),(416,3,4,'at pretium aliquet, metus urna convallis erat, eget tincidunt dui augue eu'),(417,4,1,'velit in aliquet lobortis, nisi nibh lacinia orci, consectetuer euismod est arcu ac orci. Ut semper pretium neque.'),(418,2,3,'est arcu ac orci. Ut semper pretium neque. Morbi quis urna. Nunc quis arcu vel quam'),(419,5,4,'quam dignissim pharetra. Nam ac nulla. In tincidunt congue turpis. In condimentum. Donec'),(420,3,1,'facilisis lorem tristique aliquet. Phasellus fermentum convallis ligula. Donec luctus aliquet'),(421,3,3,'lectus quis massa. Mauris vestibulum, neque sed dictum eleifend, nunc risus varius orci, in consequat enim diam'),(422,4,3,'luctus'),(423,4,3,'Morbi sit amet massa. Quisque porttitor eros nec tellus. Nunc lectus pede, ultrices a, auctor non, feugiat'),(424,3,3,'ut, sem. Nulla interdum. Curabitur dictum. Phasellus in felis. Nulla tempor augue'),(425,2,2,'libero at auctor ullamcorper, nisl arcu iaculis enim, sit amet ornare lectus justo eu arcu. Morbi sit amet massa. Quisque'),(426,3,1,'blandit viverra.'),(427,2,3,'ligula.'),(428,4,5,'odio a purus. Duis elementum, dui quis accumsan convallis, ante lectus convallis est, vitae sodales nisi'),(429,4,5,'et ultrices posuere cubilia Curae; Phasellus ornare. Fusce mollis. Duis sit amet diam eu dolor egestas rhoncus. Proin nisl'),(430,4,2,'tempor diam dictum sapien.'),(431,1,1,'nunc nulla vulputate dui, nec tempus mauris erat eget ipsum.'),(432,3,1,'euismod urna. Nullam lobortis quam a felis ullamcorper viverra. Maecenas iaculis aliquet diam. Sed diam lorem, auctor quis, tristique'),(433,4,5,'et libero. Proin mi. Aliquam gravida mauris ut mi. Duis risus odio, auctor vitae, aliquet nec, imperdiet nec, leo. Morbi'),(434,2,3,'Suspendisse dui. Fusce diam nunc, ullamcorper eu, euismod ac, fermentum vel, mauris. Integer sem elit, pharetra ut,'),(435,4,4,'arcu. Sed eu nibh vulputate mauris sagittis placerat. Cras dictum ultricies ligula. Nullam enim.'),(436,3,4,'non, feugiat nec, diam. Duis mi enim, condimentum eget,'),(437,2,2,'et malesuada fames ac turpis egestas. Fusce aliquet magna a'),(438,4,4,'fringilla purus mauris'),(439,5,1,'id, libero. Donec consectetuer mauris id sapien. Cras dolor dolor, tempus non, lacinia'),(440,5,3,'justo. Praesent'),(441,5,3,'aliquet molestie tellus. Aenean egestas hendrerit neque. In ornare sagittis felis. Donec tempor, est ac mattis semper, dui lectus'),(442,1,1,'nibh. Phasellus nulla. Integer vulputate, risus a ultricies adipiscing, enim mi tempor lorem, eget mollis lectus pede et risus. Quisque'),(443,4,2,'a, aliquet vel, vulputate'),(444,4,3,'Suspendisse sagittis. Nullam vitae'),(445,1,2,'orci. Donec nibh. Quisque nonummy ipsum non arcu. Vivamus'),(446,1,2,'lobortis, nisi nibh lacinia orci, consectetuer euismod est arcu ac orci. Ut semper pretium neque.'),(447,2,1,'dolor. Fusce mi'),(448,3,2,'purus ac tellus. Suspendisse sed dolor. Fusce mi lorem, vehicula et, rutrum eu, ultrices'),(449,5,2,'sodales. Mauris blandit enim consequat purus. Maecenas libero est, congue a, aliquet vel,'),(450,2,2,'ante bibendum ullamcorper. Duis cursus, diam at pretium aliquet, metus urna convallis erat, eget tincidunt dui augue eu'),(451,3,4,'a, enim. Suspendisse aliquet, sem'),(452,3,5,'vel, mauris. Integer sem elit, pharetra ut, pharetra sed, hendrerit a, arcu. Sed et libero.'),(453,3,5,'sapien. Aenean massa. Integer vitae nibh.'),(454,3,5,'elit, a feugiat'),(455,1,4,'Aliquam nec enim. Nunc ut erat. Sed nunc est, mollis non, cursus non, egestas a, dui.'),(456,4,1,'dictum magna. Ut'),(457,3,2,'orci luctus et ultrices posuere cubilia Curae;'),(458,2,2,'lacus. Cras interdum. Nunc sollicitudin commodo ipsum. Suspendisse non leo. Vivamus nibh dolor, nonummy ac,'),(459,3,1,'at, egestas'),(460,3,1,'non ante bibendum ullamcorper. Duis cursus, diam at pretium aliquet, metus urna convallis erat, eget tincidunt dui augue eu'),(461,3,3,'sed libero. Proin sed turpis nec'),(462,5,3,'eleifend.'),(463,3,2,'lorem, eget mollis lectus pede et risus. Quisque libero lacus,'),(464,4,1,'luctus vulputate, nisi sem semper erat, in consectetuer'),(465,2,1,'senectus et netus et malesuada fames ac turpis egestas. Fusce aliquet magna a neque. Nullam ut'),(466,4,1,'libero. Integer in magna. Phasellus dolor elit, pellentesque a, facilisis non, bibendum sed, est. Nunc laoreet'),(467,3,5,'hendrerit consectetuer, cursus et, magna. Praesent interdum ligula eu enim. Etiam'),(468,5,5,'ante blandit viverra. Donec tempus, lorem fringilla ornare'),(469,2,3,'dolor. Fusce feugiat. Lorem ipsum dolor sit amet, consectetuer adipiscing elit. Aliquam auctor, velit eget laoreet posuere, enim'),(470,5,5,'ornare placerat, orci lacus vestibulum lorem, sit amet ultricies sem magna'),(471,2,1,'sagittis semper. Nam tempor diam dictum sapien. Aenean massa. Integer vitae nibh. Donec est mauris, rhoncus id, mollis'),(472,3,5,'velit egestas lacinia. Sed'),(473,1,4,'velit eget laoreet posuere, enim nisl elementum purus,'),(474,4,3,'aliquet, metus urna convallis erat, eget tincidunt dui augue eu tellus. Phasellus elit pede, malesuada vel, venenatis vel, faucibus id,'),(475,2,1,'consequat, lectus sit amet'),(476,5,3,'dignissim. Maecenas ornare egestas ligula. Nullam feugiat placerat velit. Quisque varius. Nam porttitor scelerisque neque. Nullam nisl. Maecenas malesuada'),(477,1,1,'eget magna. Suspendisse tristique neque'),(478,5,1,'ultrices sit amet, risus. Donec nibh enim, gravida sit amet, dapibus id, blandit at, nisi. Cum sociis'),(479,2,3,'consectetuer ipsum nunc id enim.'),(480,4,3,'ac sem ut dolor dapibus gravida. Aliquam tincidunt, nunc ac mattis ornare, lectus ante dictum mi, ac mattis'),(481,5,4,'augue scelerisque mollis. Phasellus libero'),(482,4,5,'et netus et malesuada fames ac turpis egestas. Aliquam fringilla cursus purus. Nullam'),(483,4,2,'Nunc mauris elit, dictum eu, eleifend nec, malesuada'),(484,4,5,'lectus sit amet luctus vulputate, nisi sem semper erat, in consectetuer ipsum nunc id enim. Curabitur massa. Vestibulum'),(485,2,2,'Suspendisse eleifend. Cras sed leo. Cras'),(486,1,2,'neque. Morbi quis urna. Nunc quis arcu'),(487,4,5,'non, hendrerit id, ante.'),(488,5,1,'aliquet odio.'),(489,1,2,'Maecenas iaculis aliquet diam. Sed diam lorem, auctor quis, tristique ac, eleifend vitae, erat. Vivamus nisi.'),(490,2,4,'dolor quam, elementum at, egestas a, scelerisque sed, sapien. Nunc pulvinar arcu et'),(491,1,3,'condimentum eget, volutpat ornare, facilisis eget, ipsum. Donec sollicitudin adipiscing ligula. Aenean'),(492,2,1,'vestibulum massa rutrum magna. Cras convallis convallis dolor. Quisque tincidunt pede'),(493,5,1,'purus, in molestie'),(494,3,4,'luctus, ipsum leo elementum sem, vitae aliquam eros turpis non'),(495,5,4,'neque. Nullam nisl. Maecenas malesuada fringilla est. Mauris'),(496,2,2,'diam. Proin dolor. Nulla semper tellus id nunc'),(497,1,4,'Nunc pulvinar arcu et pede. Nunc sed orci lobortis augue scelerisque mollis. Phasellus libero mauris, aliquam eu, accumsan sed,'),(498,3,5,'ipsum ac mi eleifend egestas. Sed pharetra, felis eget varius ultrices, mauris ipsum'),(499,1,2,'quis diam luctus lobortis. Class aptent taciti sociosqu ad litora torquent per conubia nostra, per inceptos hymenaeos. Mauris ut quam'),(500,2,3,'sed, hendrerit a, arcu. Sed et'),(501,5,4,'venenatis lacus. Etiam bibendum fermentum metus. Aenean sed pede nec ante'),(502,3,5,'natoque penatibus et magnis dis parturient montes, nascetur ridiculus mus. Aenean eget magna. Suspendisse'),(503,2,1,'a, auctor non, feugiat nec, diam. Duis mi'),(504,5,3,'eu lacus. Quisque imperdiet, erat nonummy ultricies ornare, elit elit fermentum risus, at'),(505,2,3,'mauris sagittis placerat. Cras dictum ultricies ligula. Nullam enim. Sed nulla ante, iaculis nec,'),(506,1,1,'neque sed dictum eleifend, nunc risus varius orci, in consequat enim diam vel arcu. Curabitur ut'),(507,2,2,'mi. Duis risus odio, auctor vitae, aliquet nec, imperdiet nec,'),(508,3,5,'lectus pede et risus. Quisque libero lacus, varius et, euismod et, commodo at, libero. Morbi accumsan laoreet ipsum. Curabitur consequat,'),(509,4,2,'condimentum. Donec at arcu. Vestibulum ante ipsum primis in faucibus orci luctus et ultrices posuere cubilia Curae; Donec tincidunt.'),(510,3,4,'massa.'),(511,2,5,'mus. Proin vel arcu eu odio tristique pharetra. Quisque ac libero nec ligula'),(512,3,5,'sed pede. Cum sociis natoque penatibus et magnis dis parturient montes, nascetur ridiculus mus. Proin'),(513,4,4,'ornare lectus justo eu arcu. Morbi sit amet massa. Quisque porttitor eros nec tellus. Nunc lectus pede, ultrices'),(514,1,1,'libero est, congue a, aliquet vel, vulputate eu, odio. Phasellus at augue id ante dictum cursus. Nunc mauris'),(515,1,1,'nec, diam. Duis mi enim, condimentum eget, volutpat ornare, facilisis eget, ipsum. Donec sollicitudin adipiscing ligula. Aenean gravida nunc'),(516,1,4,'elit sed consequat auctor, nunc nulla vulputate dui, nec tempus'),(517,3,3,'semper, dui lectus rutrum urna, nec luctus felis purus ac tellus.'),(518,2,3,'lacus. Etiam bibendum fermentum metus. Aenean sed pede nec ante blandit viverra. Donec tempus, lorem fringilla ornare'),(519,5,5,'ultrices iaculis odio. Nam interdum enim non nisi. Aenean eget metus. In nec orci. Donec nibh. Quisque nonummy ipsum non'),(520,2,4,'quis, pede. Praesent eu dui. Cum sociis'),(521,2,3,'ac libero nec ligula consectetuer rhoncus.'),(522,4,3,'eu augue porttitor interdum. Sed auctor odio a purus. Duis elementum, dui quis accumsan convallis,'),(523,1,1,'accumsan neque et nunc. Quisque ornare tortor at risus.'),(524,1,2,'pede. Suspendisse dui. Fusce diam nunc, ullamcorper eu, euismod ac, fermentum vel, mauris. Integer sem'),(525,3,3,'Fusce feugiat. Lorem ipsum dolor sit amet, consectetuer adipiscing elit. Aliquam auctor,'),(526,3,1,'sit amet, dapibus id, blandit at, nisi. Cum sociis natoque penatibus et magnis'),(527,5,4,'erat. Vivamus nisi. Mauris nulla. Integer urna. Vivamus molestie'),(528,2,2,'mauris sapien, cursus in, hendrerit consectetuer, cursus'),(529,5,5,'Aliquam ultrices iaculis odio. Nam interdum enim non nisi. Aenean'),(530,5,4,'blandit mattis. Cras eget nisi dictum'),(531,4,5,'in molestie tortor nibh sit amet orci. Ut sagittis lobortis mauris.'),(532,3,1,'Maecenas ornare egestas ligula. Nullam feugiat placerat velit. Quisque varius. Nam porttitor scelerisque neque. Nullam nisl. Maecenas'),(533,3,4,'lacus, varius et, euismod et, commodo at,'),(534,2,4,'rhoncus. Donec est. Nunc'),(535,3,5,'mi, ac mattis velit justo nec ante. Maecenas mi felis, adipiscing fringilla, porttitor vulputate, posuere vulputate, lacus.'),(536,2,3,'mus. Proin vel arcu eu odio tristique'),(537,2,2,'blandit congue. In scelerisque scelerisque dui. Suspendisse ac metus vitae'),(538,4,1,'ac mi eleifend egestas. Sed pharetra, felis eget'),(539,2,2,'purus. Duis'),(540,2,4,'pede, nonummy ut, molestie in, tempus eu, ligula. Aenean euismod mauris eu elit. Nulla facilisi. Sed neque. Sed'),(541,5,2,'Aliquam ultrices iaculis odio.'),(542,4,3,'ut aliquam iaculis, lacus pede sagittis augue, eu tempor erat'),(543,1,1,'magnis dis parturient montes, nascetur ridiculus mus. Proin vel arcu eu odio tristique pharetra. Quisque ac libero nec ligula'),(544,3,2,'libero lacus, varius et, euismod et, commodo at,'),(545,2,3,'diam. Pellentesque habitant morbi tristique senectus et netus et malesuada fames ac turpis egestas. Fusce aliquet magna a neque. Nullam'),(546,2,3,'cursus. Nunc mauris elit, dictum eu, eleifend nec, malesuada'),(547,1,1,'metus. Aliquam erat'),(548,3,3,'gravida sagittis. Duis gravida. Praesent eu nulla at sem molestie sodales. Mauris blandit enim consequat purus. Maecenas libero est, congue'),(549,5,4,'luctus lobortis. Class aptent taciti sociosqu ad litora torquent per conubia nostra, per'),(550,3,2,'cubilia Curae; Phasellus ornare. Fusce mollis. Duis sit amet diam'),(551,4,1,'dapibus rutrum, justo. Praesent luctus. Curabitur egestas nunc sed libero. Proin sed turpis nec'),(552,3,3,'luctus vulputate, nisi'),(553,2,2,'scelerisque, lorem ipsum sodales purus, in molestie tortor nibh sit amet orci. Ut sagittis lobortis mauris. Suspendisse aliquet molestie'),(554,3,4,'augue porttitor interdum. Sed auctor odio a purus. Duis'),(555,1,1,'Sed malesuada augue ut lacus. Nulla tincidunt, neque vitae semper egestas, urna justo faucibus lectus, a'),(556,1,1,'auctor, nunc nulla vulputate'),(557,5,5,'vitae dolor. Donec fringilla. Donec feugiat metus sit amet ante. Vivamus non'),(558,4,5,'est arcu ac orci. Ut semper pretium neque. Morbi quis urna. Nunc quis arcu vel quam dignissim'),(559,1,4,'diam dictum sapien. Aenean massa. Integer vitae nibh. Donec est mauris, rhoncus id, mollis nec, cursus'),(560,4,3,'consectetuer adipiscing elit.'),(561,3,2,'orci lobortis augue scelerisque mollis.'),(562,2,4,'tristique aliquet. Phasellus fermentum convallis ligula. Donec luctus aliquet odio. Etiam ligula tortor, dictum eu, placerat eget, venenatis a,'),(563,2,2,'mollis vitae, posuere at, velit. Cras lorem lorem, luctus ut, pellentesque eget, dictum placerat, augue. Sed molestie.'),(564,1,4,'vitae, sodales at, velit. Pellentesque ultricies dignissim lacus.'),(565,5,4,'aliquet, metus urna convallis erat, eget tincidunt dui augue eu tellus. Phasellus elit pede, malesuada vel, venenatis vel, faucibus'),(566,1,4,'Sed et libero. Proin mi. Aliquam gravida mauris ut mi. Duis risus odio, auctor vitae, aliquet nec, imperdiet'),(567,2,5,'enim diam vel arcu. Curabitur ut odio vel est tempor bibendum. Donec felis orci, adipiscing non,'),(568,2,5,'orci, adipiscing non, luctus sit amet, faucibus ut, nulla. Cras eu tellus eu augue porttitor'),(569,4,1,'lorem, sit amet ultricies sem magna nec quam. Curabitur vel lectus. Cum'),(570,2,1,'mollis. Duis'),(571,1,3,'facilisis. Suspendisse commodo tincidunt nibh. Phasellus nulla. Integer vulputate, risus a'),(572,1,2,'et, rutrum eu, ultrices sit amet, risus. Donec nibh enim, gravida sit amet, dapibus id, blandit at,'),(573,3,1,'ante, iaculis nec, eleifend non, dapibus rutrum, justo. Praesent luctus. Curabitur egestas nunc sed libero. Proin sed'),(574,5,1,'arcu. Nunc'),(575,5,5,'vel, mauris. Integer sem elit, pharetra ut, pharetra sed, hendrerit a, arcu. Sed et libero. Proin mi. Aliquam gravida'),(576,4,2,'nunc. In at pede. Cras'),(577,2,5,'viverra. Maecenas iaculis aliquet diam. Sed diam lorem, auctor quis, tristique ac, eleifend'),(578,4,3,'imperdiet dictum magna. Ut tincidunt orci quis lectus. Nullam suscipit, est ac facilisis facilisis, magna tellus faucibus leo, in'),(579,1,5,'ornare, libero at auctor'),(580,4,2,'dignissim pharetra. Nam ac nulla. In tincidunt congue turpis. In condimentum. Donec at arcu. Vestibulum ante ipsum primis in faucibus'),(581,5,3,'tellus. Phasellus elit pede, malesuada vel, venenatis vel, faucibus id, libero. Donec consectetuer mauris id sapien. Cras dolor'),(582,3,2,'neque pellentesque massa lobortis ultrices. Vivamus rhoncus. Donec est. Nunc ullamcorper, velit in aliquet lobortis, nisi'),(583,2,3,'Cras eget nisi dictum augue malesuada malesuada. Integer id magna et ipsum cursus vestibulum. Mauris magna.'),(584,1,5,'egestas rhoncus. Proin nisl sem, consequat nec,'),(585,5,1,'Nulla facilisi. Sed neque. Sed eget lacus. Mauris non dui nec urna'),(586,4,2,'Aliquam fringilla cursus purus. Nullam scelerisque'),(587,4,1,'ac orci. Ut semper pretium'),(588,3,3,'risus. Donec egestas. Duis ac arcu. Nunc mauris.'),(589,3,3,'at sem molestie sodales. Mauris blandit enim consequat purus. Maecenas libero est, congue a, aliquet vel,'),(590,1,3,'eu tellus eu augue porttitor interdum.'),(591,3,5,'Curabitur ut odio vel est tempor bibendum. Donec felis orci, adipiscing non, luctus sit amet, faucibus ut,'),(592,3,2,'sem magna nec quam. Curabitur vel lectus. Cum sociis natoque penatibus et magnis dis'),(593,1,1,'felis eget varius ultrices, mauris ipsum porta elit, a feugiat tellus lorem eu metus.'),(594,3,1,'Nullam feugiat placerat velit. Quisque varius. Nam porttitor scelerisque neque. Nullam nisl. Maecenas malesuada fringilla est. Mauris eu turpis.'),(595,1,4,'imperdiet non, vestibulum'),(596,4,4,'orci, adipiscing non,'),(597,2,4,'eu eros.'),(598,2,1,'Aliquam tincidunt, nunc ac mattis ornare, lectus ante dictum mi, ac mattis velit justo nec'),(599,5,1,'facilisis facilisis, magna tellus faucibus leo, in lobortis tellus justo sit amet nulla. Donec'),(600,5,5,'faucibus orci luctus et'),(601,3,2,'sem egestas blandit. Nam nulla magna, malesuada vel, convallis in, cursus et, eros. Proin ultrices. Duis volutpat nunc'),(602,5,5,'et pede. Nunc sed'),(603,3,1,'ullamcorper magna. Sed eu eros. Nam consequat dolor vitae dolor. Donec fringilla. Donec feugiat metus'),(604,5,3,'per conubia nostra, per inceptos hymenaeos. Mauris ut quam vel sapien imperdiet ornare. In'),(605,5,1,'lacus. Ut nec urna et arcu'),(606,4,5,'urna. Vivamus molestie dapibus ligula. Aliquam erat volutpat. Nulla dignissim. Maecenas ornare egestas ligula. Nullam feugiat placerat velit. Quisque varius.'),(607,4,5,'sem. Nulla interdum. Curabitur dictum. Phasellus in felis. Nulla tempor augue ac ipsum. Phasellus vitae'),(608,1,1,'lorem, eget mollis lectus pede et risus. Quisque'),(609,5,1,'mattis. Cras eget nisi'),(610,4,3,'Sed eu eros. Nam consequat'),(611,2,4,'tempus,'),(612,5,5,'cursus in, hendrerit consectetuer, cursus et, magna. Praesent interdum ligula eu enim. Etiam imperdiet dictum magna. Ut tincidunt orci quis'),(613,5,1,'dis parturient'),(614,5,1,'aliquet, metus urna convallis erat, eget tincidunt dui augue eu tellus. Phasellus elit pede, malesuada vel, venenatis vel, faucibus id,'),(615,4,1,'lorem ac risus.'),(616,5,1,'risus. Donec nibh enim, gravida sit amet, dapibus id, blandit at, nisi. Cum sociis'),(617,5,2,'ut, nulla. Cras eu tellus eu augue porttitor interdum. Sed auctor odio a'),(618,4,3,'sagittis. Duis gravida. Praesent eu nulla'),(619,1,3,'interdum. Curabitur dictum. Phasellus in felis. Nulla tempor augue ac ipsum.'),(620,3,4,'nibh dolor, nonummy ac, feugiat non, lobortis quis, pede. Suspendisse dui. Fusce diam'),(621,2,4,'consectetuer, cursus et, magna. Praesent interdum ligula eu enim. Etiam imperdiet dictum magna.'),(622,1,3,'ut, molestie in, tempus eu, ligula. Aenean'),(623,1,2,'Nulla aliquet. Proin velit. Sed malesuada augue ut lacus. Nulla tincidunt, neque vitae semper egestas, urna justo faucibus lectus,'),(624,1,1,'luctus. Curabitur egestas nunc sed libero. Proin sed turpis nec mauris blandit mattis. Cras eget nisi dictum augue malesuada'),(625,3,5,'lobortis, nisi nibh lacinia orci, consectetuer euismod est arcu ac orci. Ut semper pretium neque. Morbi quis urna.'),(626,2,4,'urna justo faucibus'),(627,1,3,'augue, eu'),(628,4,5,'nonummy ultricies ornare, elit elit fermentum risus, at fringilla'),(629,4,2,'Mauris non'),(630,4,1,'aliquet. Phasellus fermentum convallis ligula. Donec luctus aliquet odio. Etiam ligula tortor, dictum eu, placerat eget,'),(631,1,4,'iaculis nec, eleifend non, dapibus rutrum, justo. Praesent luctus. Curabitur egestas nunc'),(632,4,1,'libero. Donec consectetuer mauris id sapien. Cras dolor dolor, tempus'),(633,4,2,'aliquet, metus urna convallis erat,'),(634,2,4,'cubilia Curae; Donec tincidunt. Donec vitae erat'),(635,4,5,'Lorem ipsum dolor sit amet, consectetuer adipiscing elit. Etiam laoreet, libero et tristique pellentesque, tellus sem mollis dui,'),(636,4,4,'nec ante blandit viverra. Donec'),(637,2,2,'nec, diam. Duis mi enim, condimentum eget, volutpat ornare, facilisis eget,'),(638,2,3,'eget metus. In nec orci. Donec nibh. Quisque nonummy ipsum non arcu.'),(639,4,2,'nec urna et arcu imperdiet ullamcorper. Duis at'),(640,4,2,'elit. Nulla facilisi. Sed neque. Sed eget lacus. Mauris non dui nec'),(641,3,4,'gravida. Praesent eu nulla at sem molestie'),(642,1,5,'eros. Proin ultrices. Duis volutpat nunc sit amet metus. Aliquam erat volutpat. Nulla facilisis. Suspendisse'),(643,5,3,'vestibulum nec, euismod in, dolor. Fusce feugiat. Lorem ipsum dolor sit amet, consectetuer adipiscing elit. Aliquam auctor,'),(644,2,1,'lacus. Etiam bibendum fermentum metus. Aenean'),(645,1,2,'magna. Praesent interdum ligula eu enim.'),(646,2,2,'dignissim. Maecenas ornare egestas ligula. Nullam feugiat'),(647,4,2,'Donec'),(648,2,5,'libero at auctor ullamcorper, nisl arcu iaculis'),(649,2,5,'augue porttitor interdum. Sed auctor odio a purus. Duis'),(650,1,4,'Nullam feugiat placerat velit. Quisque'),(651,5,1,'luctus felis purus ac tellus. Suspendisse sed dolor.'),(652,4,5,'risus. Nulla eget metus eu erat semper rutrum. Fusce'),(653,2,3,'consequat purus. Maecenas libero est, congue a, aliquet vel, vulputate eu, odio. Phasellus at augue id ante dictum cursus.'),(654,2,2,'pharetra, felis eget'),(655,5,3,'auctor non, feugiat nec, diam. Duis mi enim, condimentum eget, volutpat ornare, facilisis eget, ipsum. Donec sollicitudin adipiscing'),(656,1,5,'sit amet risus. Donec egestas. Aliquam nec enim. Nunc ut erat.'),(657,4,3,'lectus sit amet luctus vulputate, nisi sem semper erat, in'),(658,3,5,'dapibus ligula. Aliquam erat volutpat.'),(659,4,1,'ipsum nunc id enim. Curabitur massa. Vestibulum accumsan neque et nunc. Quisque ornare tortor at risus. Nunc ac'),(660,5,5,'hendrerit consectetuer, cursus et, magna. Praesent interdum ligula eu enim. Etiam imperdiet dictum magna. Ut'),(661,2,3,'eget massa. Suspendisse eleifend.'),(662,4,4,'dolor. Fusce feugiat. Lorem ipsum dolor sit amet, consectetuer adipiscing elit. Aliquam'),(663,3,2,'Pellentesque tincidunt tempus risus. Donec egestas. Duis ac arcu. Nunc mauris. Morbi non sapien molestie'),(664,3,5,'Vivamus nibh dolor, nonummy ac,'),(665,3,5,'eu neque pellentesque massa lobortis ultrices. Vivamus'),(666,2,5,'auctor velit. Aliquam nisl. Nulla eu neque pellentesque massa lobortis ultrices.'),(667,4,1,'mollis lectus pede et risus. Quisque libero lacus, varius et, euismod et, commodo at, libero. Morbi accumsan laoreet ipsum.'),(668,2,2,'Suspendisse dui. Fusce diam nunc, ullamcorper eu, euismod ac, fermentum vel, mauris. Integer'),(669,4,5,'et libero. Proin mi. Aliquam gravida mauris ut mi. Duis'),(670,1,5,'vel quam'),(671,3,5,'eleifend vitae, erat. Vivamus nisi. Mauris nulla. Integer urna. Vivamus molestie dapibus ligula. Aliquam erat volutpat.'),(672,4,4,'lorem semper auctor. Mauris vel turpis. Aliquam adipiscing lobortis risus. In mi pede, nonummy'),(673,3,2,'sit amet, consectetuer adipiscing elit. Aliquam auctor, velit eget laoreet posuere,'),(674,1,2,'luctus aliquet odio. Etiam ligula tortor,'),(675,5,5,'Fusce aliquet magna a'),(676,5,4,'metus urna convallis erat, eget tincidunt'),(677,4,3,'tincidunt'),(678,3,1,'blandit at, nisi. Cum sociis natoque penatibus'),(679,5,3,'porta elit, a feugiat tellus lorem'),(680,4,1,'amet, consectetuer adipiscing elit. Etiam laoreet, libero et tristique'),(681,4,4,'diam dictum sapien. Aenean massa. Integer vitae nibh.'),(682,2,4,'arcu. Vestibulum ut eros non enim commodo hendrerit. Donec porttitor tellus non magna. Nam ligula elit, pretium et, rutrum'),(683,2,1,'Sed dictum. Proin eget odio. Aliquam vulputate ullamcorper magna. Sed eu eros. Nam consequat dolor vitae'),(684,1,5,'non sapien molestie orci tincidunt adipiscing. Mauris molestie pharetra nibh. Aliquam ornare,'),(685,4,5,'Nulla dignissim.'),(686,1,5,'nec, leo. Morbi neque tellus,'),(687,3,5,'tempus mauris erat eget ipsum. Suspendisse sagittis. Nullam vitae diam. Proin dolor.'),(688,3,5,'a felis ullamcorper viverra. Maecenas iaculis aliquet diam. Sed'),(689,2,5,'Suspendisse eleifend. Cras sed leo. Cras vehicula aliquet libero. Integer in magna. Phasellus dolor elit, pellentesque'),(690,3,1,'Proin velit. Sed malesuada augue ut lacus. Nulla tincidunt, neque vitae semper egestas, urna justo faucibus'),(691,1,2,'adipiscing fringilla, porttitor vulputate, posuere vulputate, lacus. Cras interdum. Nunc sollicitudin commodo ipsum. Suspendisse'),(692,1,5,'quam. Pellentesque habitant morbi tristique senectus et netus et malesuada fames ac turpis'),(693,1,4,'ante ipsum primis in faucibus'),(694,1,1,'enim non nisi. Aenean eget metus. In nec orci. Donec nibh. Quisque nonummy'),(695,1,4,'tempor arcu. Vestibulum ut eros'),(696,2,1,'interdum ligula eu enim. Etiam imperdiet dictum magna. Ut tincidunt orci quis lectus. Nullam suscipit,'),(697,5,2,'non leo. Vivamus nibh dolor, nonummy ac, feugiat non, lobortis quis, pede. Suspendisse dui. Fusce diam nunc, ullamcorper eu, euismod'),(698,3,1,'consectetuer euismod est arcu ac orci. Ut semper pretium neque. Morbi quis urna. Nunc quis'),(699,2,2,'consequat dolor vitae dolor. Donec fringilla. Donec'),(700,2,1,'Donec felis orci, adipiscing non,'),(701,3,4,'ac turpis egestas. Aliquam'),(702,2,5,'massa rutrum magna. Cras convallis convallis dolor. Quisque tincidunt'),(703,4,5,'arcu. Sed eu nibh vulputate mauris sagittis placerat. Cras dictum ultricies ligula. Nullam enim.'),(704,4,4,'enim. Etiam'),(705,1,2,'dictum. Phasellus in felis. Nulla tempor'),(706,2,5,'gravida. Praesent eu nulla at sem'),(707,2,5,'diam. Duis mi enim, condimentum eget, volutpat ornare, facilisis eget, ipsum. Donec sollicitudin adipiscing ligula. Aenean gravida nunc sed'),(708,3,4,'convallis convallis dolor. Quisque'),(709,1,4,'Curabitur ut odio vel est tempor bibendum. Donec felis orci, adipiscing non, luctus sit amet, faucibus ut, nulla. Cras'),(710,3,4,'sed libero. Proin sed turpis nec mauris'),(711,1,5,'hendrerit a, arcu.'),(712,4,5,'mauris sapien, cursus in, hendrerit consectetuer, cursus et, magna. Praesent interdum'),(713,4,1,'a, dui. Cras pellentesque. Sed dictum. Proin eget odio. Aliquam vulputate ullamcorper'),(714,3,3,'enim,'),(715,3,5,'sed tortor. Integer aliquam adipiscing lacus. Ut nec urna et arcu imperdiet ullamcorper. Duis'),(716,2,1,'Maecenas malesuada fringilla est. Mauris eu turpis. Nulla aliquet. Proin'),(717,1,4,'Donec nibh enim, gravida sit amet,'),(718,3,1,'facilisi. Sed neque. Sed eget lacus. Mauris non dui nec urna suscipit nonummy. Fusce fermentum fermentum arcu.'),(719,4,3,'feugiat. Lorem ipsum dolor sit amet, consectetuer adipiscing elit.'),(720,5,1,'ornare, libero at auctor ullamcorper, nisl arcu iaculis enim, sit amet ornare lectus justo eu arcu.'),(721,3,2,'risus'),(722,5,5,'sit amet ultricies sem magna nec quam. Curabitur vel lectus. Cum sociis natoque penatibus et magnis'),(723,4,2,'erat. Vivamus nisi. Mauris nulla. Integer'),(724,2,2,'ut, pellentesque eget, dictum placerat, augue. Sed molestie. Sed'),(725,2,2,'sed tortor. Integer aliquam adipiscing lacus. Ut nec urna et arcu imperdiet ullamcorper. Duis at'),(726,4,1,'felis, adipiscing fringilla, porttitor vulputate, posuere vulputate, lacus. Cras interdum. Nunc sollicitudin commodo ipsum. Suspendisse non leo. Vivamus nibh'),(727,1,5,'velit. Pellentesque ultricies dignissim lacus. Aliquam rutrum lorem ac risus. Morbi metus. Vivamus euismod'),(728,3,1,'sem ut dolor dapibus gravida. Aliquam tincidunt, nunc ac mattis ornare, lectus ante'),(729,5,1,'In condimentum. Donec at arcu. Vestibulum ante ipsum primis in faucibus orci luctus'),(730,5,4,'Quisque porttitor eros nec tellus. Nunc lectus pede, ultrices a, auctor non, feugiat nec,'),(731,1,5,'urna. Nullam lobortis quam a felis ullamcorper viverra. Maecenas iaculis aliquet diam. Sed diam lorem, auctor quis, tristique ac,'),(732,5,2,'montes, nascetur ridiculus mus. Donec dignissim magna a tortor. Nunc commodo auctor'),(733,1,2,'Phasellus ornare. Fusce mollis. Duis sit amet'),(734,2,5,'Quisque imperdiet, erat nonummy'),(735,4,3,'aliquet vel, vulputate eu, odio. Phasellus at augue id ante dictum cursus. Nunc mauris elit, dictum eu,'),(736,4,1,'ligula. Aenean gravida nunc sed pede. Cum sociis natoque penatibus et magnis dis parturient montes, nascetur ridiculus mus. Proin'),(737,2,3,'magna. Praesent interdum ligula'),(738,1,5,'mollis nec, cursus a, enim. Suspendisse'),(739,2,2,'eu tellus eu augue'),(740,2,5,'sit amet, risus. Donec nibh enim, gravida sit amet, dapibus'),(741,3,4,'sed dolor. Fusce mi lorem, vehicula et, rutrum eu, ultrices sit amet, risus. Donec'),(742,2,5,'egestas. Duis'),(743,3,2,'Mauris molestie pharetra nibh. Aliquam ornare, libero at auctor ullamcorper, nisl arcu iaculis enim, sit amet ornare lectus justo eu'),(744,2,5,'ac urna. Ut tincidunt vehicula risus. Nulla eget metus eu erat semper rutrum.'),(745,4,1,'iaculis enim, sit amet'),(746,4,2,'a, malesuada id, erat. Etiam'),(747,2,2,'ipsum primis in faucibus'),(748,3,3,'a, arcu. Sed et libero.'),(749,4,1,'In ornare sagittis felis.'),(750,2,5,'Phasellus vitae mauris sit amet lorem semper auctor. Mauris vel'),(751,3,5,'sed, est. Nunc laoreet lectus quis massa. Mauris vestibulum, neque sed dictum eleifend, nunc risus varius orci, in consequat'),(752,1,4,'augue ut lacus. Nulla tincidunt, neque vitae'),(753,4,4,'primis in faucibus orci luctus et'),(754,3,1,'sed dolor. Fusce mi lorem, vehicula et, rutrum eu, ultrices sit'),(755,4,5,'risus. Nunc ac sem ut dolor dapibus gravida. Aliquam tincidunt, nunc ac mattis ornare, lectus ante dictum mi, ac mattis'),(756,4,4,'quis lectus. Nullam suscipit, est ac facilisis facilisis, magna tellus faucibus leo, in lobortis tellus'),(757,1,4,'vitae semper egestas, urna justo faucibus lectus, a sollicitudin'),(758,1,5,'dolor, tempus non,'),(759,4,4,'conubia nostra, per inceptos hymenaeos. Mauris ut quam vel sapien imperdiet ornare. In'),(760,5,3,'Proin eget odio. Aliquam vulputate ullamcorper magna. Sed'),(761,4,1,'mauris sagittis placerat.'),(762,4,3,'dapibus id, blandit at, nisi. Cum sociis natoque penatibus et'),(763,4,4,'nec orci. Donec nibh.'),(764,3,1,'magna. Ut tincidunt orci quis lectus. Nullam suscipit, est ac facilisis facilisis, magna tellus faucibus leo,'),(765,1,4,'lorem lorem, luctus ut, pellentesque eget, dictum placerat, augue. Sed molestie. Sed'),(766,5,1,'Nullam enim. Sed nulla ante, iaculis nec, eleifend non, dapibus rutrum, justo. Praesent luctus. Curabitur'),(767,2,2,'euismod mauris eu elit. Nulla facilisi. Sed neque. Sed eget lacus. Mauris non dui nec'),(768,3,5,'turpis. Aliquam adipiscing lobortis risus. In mi pede, nonummy ut,'),(769,4,4,'Quisque purus'),(770,2,3,'sed consequat auctor, nunc nulla vulputate dui, nec tempus mauris'),(771,1,1,'sed dui. Fusce aliquam, enim nec tempus scelerisque, lorem ipsum sodales'),(772,1,4,'urna justo faucibus lectus, a sollicitudin orci sem eget massa. Suspendisse eleifend. Cras sed leo. Cras vehicula'),(773,2,3,'tristique pellentesque, tellus sem mollis dui, in sodales elit erat vitae risus. Duis a mi fringilla mi lacinia mattis. Integer'),(774,1,2,'vulputate, posuere vulputate, lacus. Cras interdum. Nunc'),(775,3,5,'nunc sed pede. Cum sociis natoque penatibus et magnis dis parturient montes, nascetur ridiculus mus.'),(776,4,4,'sit amet ante. Vivamus non lorem vitae odio sagittis semper. Nam tempor diam'),(777,3,4,'enim. Etiam gravida molestie arcu. Sed eu nibh vulputate mauris sagittis placerat. Cras dictum ultricies ligula. Nullam enim. Sed nulla'),(778,4,1,'turpis'),(779,3,5,'libero. Proin sed turpis nec mauris blandit mattis. Cras eget nisi dictum augue malesuada'),(780,4,3,'diam. Proin dolor. Nulla semper tellus id nunc interdum feugiat. Sed nec metus facilisis lorem tristique aliquet. Phasellus fermentum'),(781,5,2,'massa. Quisque porttitor eros nec tellus. Nunc lectus pede, ultrices a, auctor non, feugiat nec, diam. Duis mi'),(782,5,5,'tempus non, lacinia at, iaculis'),(783,4,4,'Quisque ornare tortor at risus.'),(784,4,1,'dictum ultricies ligula. Nullam enim. Sed nulla ante, iaculis nec, eleifend'),(785,3,3,'Duis elementum, dui quis accumsan convallis, ante lectus convallis est, vitae sodales nisi magna sed'),(786,1,4,'ornare, elit elit fermentum risus, at fringilla purus mauris a nunc. In at'),(787,5,5,'tincidunt nibh. Phasellus nulla. Integer vulputate, risus a ultricies adipiscing, enim mi tempor lorem, eget mollis lectus pede et risus.'),(788,3,2,'penatibus'),(789,1,5,'luctus'),(790,3,5,'elit. Etiam laoreet, libero et tristique pellentesque, tellus sem mollis dui, in sodales elit erat vitae risus. Duis'),(791,4,2,'amet, consectetuer adipiscing elit. Etiam laoreet, libero et tristique pellentesque, tellus sem mollis dui,'),(792,3,5,'semper auctor. Mauris vel turpis. Aliquam adipiscing lobortis risus. In'),(793,1,3,'ultrices a, auctor non, feugiat'),(794,5,4,'nisi magna sed dui.'),(795,3,4,'Integer urna. Vivamus molestie dapibus ligula. Aliquam erat volutpat. Nulla dignissim. Maecenas ornare egestas ligula. Nullam'),(796,4,1,'rutrum eu, ultrices sit amet, risus. Donec nibh enim, gravida sit amet, dapibus id, blandit at,'),(797,1,1,'Mauris vestibulum, neque sed dictum eleifend, nunc risus varius orci, in consequat enim diam'),(798,4,5,'Nulla aliquet. Proin velit. Sed malesuada augue ut lacus. Nulla tincidunt, neque vitae semper egestas, urna'),(799,5,3,'Quisque libero lacus, varius et, euismod et, commodo'),(800,4,3,'mi'),(801,3,3,'sit amet, dapibus id, blandit at, nisi. Cum sociis natoque penatibus'),(802,2,1,'at augue id ante dictum cursus. Nunc mauris'),(803,1,3,'tempor augue ac ipsum. Phasellus vitae mauris sit amet lorem semper auctor. Mauris vel'),(804,1,1,'Morbi neque tellus, imperdiet non, vestibulum nec, euismod'),(805,2,5,'posuere vulputate, lacus. Cras interdum. Nunc sollicitudin commodo ipsum. Suspendisse non leo. Vivamus nibh'),(806,4,5,'vitae, orci. Phasellus dapibus quam quis diam. Pellentesque'),(807,4,4,'quam. Curabitur vel lectus. Cum sociis natoque penatibus et'),(808,3,3,'gravida non, sollicitudin a, malesuada id, erat. Etiam vestibulum massa rutrum magna. Cras convallis convallis dolor. Quisque tincidunt pede ac'),(809,1,4,'accumsan sed, facilisis vitae, orci.'),(810,4,5,'eget, ipsum.'),(811,3,1,'taciti sociosqu ad litora torquent per conubia nostra, per inceptos hymenaeos. Mauris'),(812,2,5,'enim'),(813,5,5,'at, egestas a, scelerisque sed, sapien. Nunc pulvinar arcu et pede. Nunc sed'),(814,5,5,'Suspendisse aliquet, sem ut cursus luctus, ipsum leo elementum'),(815,1,2,'urna. Vivamus molestie dapibus ligula. Aliquam'),(816,4,3,'lorem, eget mollis lectus pede et risus. Quisque libero lacus, varius et, euismod et, commodo at,'),(817,2,5,'vel arcu. Curabitur ut odio vel est tempor bibendum. Donec felis orci, adipiscing'),(818,3,2,'lobortis. Class aptent taciti sociosqu ad litora torquent per conubia nostra,'),(819,3,4,'vel, vulputate eu, odio.'),(820,3,2,'vehicula et, rutrum eu, ultrices sit amet, risus. Donec nibh enim, gravida sit amet, dapibus id, blandit at, nisi. Cum'),(821,3,5,'Quisque purus sapien, gravida non, sollicitudin'),(822,2,2,'Suspendisse non leo. Vivamus nibh dolor, nonummy ac, feugiat non, lobortis quis, pede. Suspendisse dui. Fusce diam nunc, ullamcorper eu,'),(823,1,5,'Phasellus dapibus quam quis diam. Pellentesque habitant morbi tristique senectus et netus et'),(824,4,4,'convallis dolor. Quisque tincidunt pede ac urna. Ut'),(825,1,5,'dis parturient montes, nascetur ridiculus mus. Proin vel arcu eu odio tristique pharetra. Quisque ac libero'),(826,4,4,'commodo auctor velit. Aliquam nisl. Nulla eu neque'),(827,2,1,'magna. Suspendisse tristique neque venenatis lacus. Etiam bibendum fermentum metus. Aenean sed pede nec'),(828,2,5,'urna et arcu imperdiet ullamcorper. Duis at'),(829,4,4,'semper pretium neque. Morbi quis urna. Nunc'),(830,5,2,'velit dui, semper et, lacinia vitae,'),(831,3,4,'non, egestas a, dui. Cras pellentesque. Sed dictum. Proin eget'),(832,1,1,'convallis dolor. Quisque tincidunt pede ac urna. Ut tincidunt vehicula risus. Nulla eget metus eu erat'),(833,3,2,'tortor, dictum'),(834,1,2,'ridiculus mus. Aenean eget magna. Suspendisse tristique neque venenatis lacus. Etiam bibendum fermentum metus. Aenean sed pede'),(835,1,4,'eu odio tristique'),(836,4,3,'ac mattis velit justo nec ante. Maecenas mi felis, adipiscing fringilla, porttitor vulputate, posuere vulputate, lacus. Cras'),(837,1,5,'Integer tincidunt aliquam arcu. Aliquam ultrices iaculis odio. Nam interdum enim non nisi.'),(838,4,5,'ut, pellentesque eget, dictum placerat, augue. Sed molestie. Sed id risus quis'),(839,5,3,'aliquet, sem ut'),(840,3,3,'odio. Phasellus at augue id ante dictum cursus. Nunc mauris elit, dictum eu, eleifend nec, malesuada ut, sem.'),(841,1,2,'augue porttitor interdum. Sed auctor odio a purus. Duis elementum, dui quis accumsan convallis, ante lectus convallis'),(842,1,1,'lacus.'),(843,1,4,'convallis ligula. Donec luctus aliquet odio. Etiam ligula tortor, dictum eu, placerat eget, venenatis a, magna. Lorem'),(844,1,2,'Morbi metus. Vivamus euismod urna. Nullam lobortis quam a felis ullamcorper viverra. Maecenas iaculis aliquet diam. Sed'),(845,2,3,'sit amet, faucibus ut, nulla. Cras eu tellus eu augue porttitor interdum. Sed auctor odio a purus.'),(846,2,4,'nec enim. Nunc ut'),(847,1,1,'lobortis quam'),(848,2,2,'cubilia Curae; Phasellus ornare. Fusce mollis. Duis sit'),(849,4,1,'at pede. Cras vulputate velit eu sem. Pellentesque ut ipsum ac'),(850,2,2,'ridiculus mus. Donec dignissim magna a tortor. Nunc commodo auctor velit. Aliquam nisl. Nulla eu'),(851,5,5,'risus. Nulla eget metus'),(852,1,2,'arcu iaculis enim, sit amet ornare lectus justo eu arcu.'),(853,1,3,'auctor non, feugiat nec, diam.'),(854,4,2,'Fusce feugiat. Lorem ipsum dolor sit amet, consectetuer adipiscing elit.'),(855,1,1,'pellentesque eget, dictum placerat, augue. Sed molestie. Sed id risus quis diam luctus lobortis. Class aptent taciti sociosqu ad litora'),(856,1,5,'Nunc ut erat. Sed nunc est, mollis non, cursus non, egestas a, dui. Cras pellentesque. Sed dictum.'),(857,3,5,'vestibulum. Mauris magna. Duis dignissim tempor arcu. Vestibulum ut eros non enim'),(858,2,1,'lacinia. Sed congue, elit sed consequat auctor, nunc nulla vulputate dui, nec tempus mauris erat eget ipsum. Suspendisse sagittis.'),(859,2,3,'at risus. Nunc ac sem ut dolor dapibus gravida. Aliquam tincidunt, nunc ac mattis ornare, lectus ante dictum mi, ac'),(860,3,3,'a purus. Duis elementum, dui quis accumsan convallis, ante lectus convallis est, vitae sodales nisi magna sed'),(861,1,5,'dui, in sodales elit erat vitae risus. Duis a mi fringilla mi'),(862,1,3,'erat, in consectetuer ipsum nunc id enim. Curabitur massa. Vestibulum accumsan neque et nunc. Quisque ornare tortor at risus. Nunc'),(863,5,2,'a feugiat tellus lorem eu metus. In lorem. Donec elementum, lorem ut aliquam iaculis, lacus pede sagittis augue,'),(864,4,3,'semper et, lacinia vitae, sodales at, velit. Pellentesque ultricies dignissim lacus. Aliquam rutrum lorem ac risus.'),(865,3,3,'Aliquam vulputate ullamcorper magna. Sed eu eros. Nam consequat dolor vitae dolor.'),(866,5,4,'nonummy ac, feugiat non, lobortis quis, pede. Suspendisse dui. Fusce'),(867,2,4,'Morbi sit amet massa. Quisque porttitor eros'),(868,4,1,'Donec consectetuer mauris id sapien. Cras dolor dolor, tempus non, lacinia at, iaculis quis, pede. Praesent eu dui. Cum sociis'),(869,4,3,'Phasellus'),(870,3,2,'lectus, a sollicitudin orci sem eget massa. Suspendisse eleifend. Cras sed leo. Cras'),(871,2,1,'arcu. Vestibulum ante ipsum primis in faucibus orci luctus et ultrices posuere cubilia Curae;'),(872,5,4,'mollis. Duis sit amet diam eu dolor'),(873,1,1,'commodo tincidunt nibh. Phasellus nulla. Integer vulputate, risus a ultricies adipiscing, enim mi'),(874,2,1,'non ante bibendum ullamcorper. Duis cursus, diam at pretium aliquet, metus urna'),(875,4,1,'Pellentesque ut ipsum ac mi eleifend egestas. Sed'),(876,4,4,'Integer in magna. Phasellus dolor elit, pellentesque a,'),(877,2,3,'Nunc mauris. Morbi non sapien'),(878,3,2,'dignissim lacus. Aliquam rutrum lorem ac'),(879,5,3,'faucibus id, libero. Donec consectetuer'),(880,1,3,'Mauris molestie pharetra nibh. Aliquam ornare, libero at auctor ullamcorper, nisl'),(881,3,1,'Morbi non sapien molestie orci'),(882,4,2,'tristique pellentesque, tellus sem mollis dui, in sodales elit erat vitae risus. Duis a'),(883,2,3,'scelerisque neque. Nullam nisl. Maecenas malesuada fringilla est. Mauris eu turpis. Nulla aliquet. Proin velit. Sed'),(884,5,2,'diam. Duis mi enim, condimentum eget, volutpat ornare, facilisis eget, ipsum. Donec sollicitudin adipiscing'),(885,1,4,'purus.'),(886,2,2,'sed pede nec ante blandit viverra. Donec tempus, lorem fringilla ornare placerat, orci lacus'),(887,1,5,'Nulla tempor augue ac ipsum. Phasellus vitae mauris sit amet lorem semper auctor. Mauris vel turpis.'),(888,5,1,'sit amet luctus vulputate, nisi sem semper erat, in consectetuer ipsum'),(889,5,3,'ligula elit, pretium et, rutrum non, hendrerit id, ante. Nunc mauris'),(890,3,3,'auctor velit. Aliquam nisl. Nulla eu neque pellentesque massa lobortis ultrices. Vivamus rhoncus. Donec est. Nunc'),(891,1,3,'pede. Cum sociis natoque penatibus et magnis dis parturient montes, nascetur ridiculus mus. Proin vel arcu'),(892,5,2,'libero nec ligula consectetuer'),(893,4,1,'erat volutpat. Nulla dignissim. Maecenas ornare egestas ligula. Nullam feugiat placerat velit.'),(894,4,2,'sed pede nec ante blandit viverra. Donec tempus, lorem fringilla ornare placerat, orci lacus vestibulum'),(895,2,4,'Proin mi. Aliquam gravida'),(896,2,3,'pede. Nunc sed orci lobortis augue scelerisque mollis. Phasellus libero'),(897,3,1,'et, commodo at, libero. Morbi accumsan laoreet ipsum. Curabitur consequat, lectus sit amet luctus'),(898,1,4,'suscipit, est ac facilisis facilisis, magna tellus faucibus'),(899,3,1,'Mauris molestie pharetra nibh. Aliquam ornare, libero at auctor ullamcorper, nisl arcu iaculis enim, sit amet ornare'),(900,2,1,'velit. Cras lorem lorem, luctus ut, pellentesque eget, dictum placerat, augue. Sed molestie. Sed id risus quis diam luctus'),(901,1,1,'erat vitae risus. Duis a'),(902,2,3,'Sed eget lacus. Mauris non dui nec urna suscipit nonummy. Fusce fermentum fermentum arcu. Vestibulum'),(903,1,2,'convallis convallis dolor. Quisque tincidunt pede'),(904,1,5,'placerat'),(905,3,4,'ante. Vivamus non lorem vitae odio sagittis semper. Nam tempor diam dictum sapien. Aenean massa.'),(906,4,2,'arcu. Vestibulum ut eros non enim commodo hendrerit. Donec porttitor tellus non'),(907,2,5,'consectetuer rhoncus. Nullam velit dui, semper et, lacinia vitae, sodales'),(908,5,4,'gravida sit amet, dapibus id, blandit at, nisi. Cum sociis natoque penatibus et magnis dis'),(909,4,5,'lorem ut aliquam'),(910,3,4,'at, velit.'),(911,5,4,'arcu. Aliquam ultrices iaculis'),(912,2,5,'in, hendrerit consectetuer, cursus et, magna.'),(913,2,2,'habitant morbi tristique senectus et netus et malesuada fames ac turpis egestas. Aliquam fringilla'),(914,3,3,'ad litora torquent per conubia nostra, per inceptos'),(915,3,3,'at, egestas a, scelerisque sed, sapien. Nunc pulvinar arcu et pede. Nunc sed orci'),(916,3,1,'Proin'),(917,3,3,'Fusce aliquam, enim nec tempus scelerisque, lorem ipsum sodales purus, in molestie tortor nibh'),(918,5,5,'porttitor tellus non magna. Nam ligula elit, pretium et, rutrum non, hendrerit id, ante. Nunc'),(919,3,1,'semper tellus id nunc interdum feugiat. Sed nec metus facilisis lorem tristique aliquet. Phasellus'),(920,2,3,'vehicula aliquet libero. Integer in magna. Phasellus'),(921,1,2,'Cras interdum. Nunc sollicitudin commodo ipsum. Suspendisse non leo. Vivamus nibh dolor, nonummy'),(922,4,1,'auctor non, feugiat nec, diam.'),(923,1,5,'vulputate velit eu sem. Pellentesque ut ipsum ac mi eleifend'),(924,4,2,'nulla at sem molestie sodales. Mauris blandit enim consequat purus. Maecenas libero est, congue a, aliquet vel, vulputate eu,'),(925,3,1,'nibh dolor,'),(926,1,1,'lacus. Ut nec urna et arcu imperdiet ullamcorper. Duis at lacus. Quisque purus sapien, gravida non, sollicitudin a, malesuada'),(927,3,1,'sollicitudin adipiscing'),(928,3,4,'sollicitudin orci'),(929,2,4,'ullamcorper. Duis cursus, diam at pretium aliquet, metus urna convallis'),(930,3,5,'Fusce aliquet magna a neque.'),(931,3,5,'Duis'),(932,5,5,'vulputate dui, nec tempus'),(933,2,4,'Fusce aliquam, enim nec tempus scelerisque, lorem'),(934,5,2,'vitae, posuere at, velit. Cras lorem lorem, luctus ut,'),(935,1,5,'purus mauris a nunc. In at pede. Cras vulputate'),(936,4,4,'aliquet nec, imperdiet nec, leo. Morbi neque tellus, imperdiet non, vestibulum nec, euismod in, dolor.'),(937,1,5,'Aliquam nec enim. Nunc ut erat. Sed nunc est, mollis non, cursus non, egestas a, dui. Cras pellentesque. Sed'),(938,3,2,'Maecenas malesuada fringilla est.'),(939,1,4,'ut dolor'),(940,5,2,'ut ipsum ac mi eleifend egestas. Sed pharetra, felis eget varius ultrices, mauris ipsum porta elit, a feugiat tellus lorem'),(941,3,3,'pede sagittis augue, eu tempor erat neque non quam. Pellentesque'),(942,3,3,'aliquam eu, accumsan sed, facilisis vitae, orci. Phasellus dapibus quam quis diam.'),(943,2,3,'ornare. Fusce mollis. Duis sit amet diam eu dolor egestas rhoncus. Proin nisl sem, consequat nec,'),(944,4,2,'sodales elit erat vitae risus. Duis a mi fringilla mi lacinia mattis. Integer eu lacus. Quisque imperdiet, erat'),(945,2,4,'lacinia. Sed congue, elit sed consequat auctor, nunc nulla vulputate dui, nec'),(946,1,3,'malesuada. Integer id magna et ipsum cursus vestibulum. Mauris magna. Duis dignissim tempor arcu. Vestibulum ut'),(947,1,3,'luctus. Curabitur egestas nunc sed libero. Proin sed turpis nec mauris blandit mattis. Cras eget nisi dictum augue malesuada'),(948,3,1,'auctor quis, tristique ac, eleifend vitae, erat. Vivamus nisi. Mauris nulla. Integer urna. Vivamus molestie'),(949,2,5,'venenatis lacus. Etiam bibendum fermentum metus. Aenean sed pede nec ante blandit viverra. Donec tempus,'),(950,5,3,'vehicula et, rutrum eu, ultrices sit amet, risus.'),(951,3,3,'velit. Sed malesuada augue ut lacus. Nulla tincidunt, neque vitae semper egestas,'),(952,4,1,'tristique pellentesque, tellus sem mollis dui,'),(953,5,2,'tempor lorem, eget mollis lectus pede et risus.'),(954,3,1,'consectetuer adipiscing elit. Etiam laoreet, libero et tristique pellentesque, tellus sem mollis dui, in sodales elit erat vitae'),(955,1,2,'blandit enim consequat purus. Maecenas libero est, congue a, aliquet vel, vulputate eu, odio.'),(956,1,1,'sit amet, consectetuer adipiscing elit. Curabitur sed'),(957,1,3,'sed consequat auctor, nunc'),(958,1,1,'ipsum nunc id enim. Curabitur massa. Vestibulum'),(959,2,1,'et, rutrum eu,'),(960,1,5,'sed pede nec ante blandit viverra. Donec tempus, lorem'),(961,1,3,'et magnis dis parturient montes, nascetur ridiculus mus. Aenean eget magna. Suspendisse tristique'),(962,1,3,'vel, faucibus id, libero. Donec consectetuer mauris id sapien. Cras dolor dolor, tempus'),(963,2,5,'nunc est, mollis non, cursus non, egestas a, dui. Cras pellentesque. Sed dictum. Proin eget odio. Aliquam'),(964,3,5,'magna a tortor. Nunc commodo auctor velit. Aliquam nisl. Nulla'),(965,5,2,'Nam consequat dolor vitae dolor. Donec fringilla. Donec feugiat metus'),(966,1,4,'dictum eu, eleifend nec, malesuada ut, sem.'),(967,1,1,'mus.'),(968,5,2,'purus ac tellus. Suspendisse sed dolor. Fusce mi'),(969,5,5,'eu, ligula. Aenean euismod mauris eu elit. Nulla'),(970,1,1,'Proin velit. Sed malesuada augue ut lacus. Nulla tincidunt, neque vitae semper'),(971,4,3,'egestas,'),(972,5,2,'amet massa. Quisque porttitor eros'),(973,1,4,'et, lacinia vitae,'),(974,3,1,'Nulla tempor augue ac ipsum. Phasellus vitae mauris sit amet lorem semper auctor. Mauris vel turpis.'),(975,5,4,'dui, nec tempus mauris erat eget ipsum. Suspendisse sagittis. Nullam vitae diam. Proin dolor. Nulla semper tellus'),(976,5,1,'dictum. Phasellus in'),(977,4,5,'Vivamus molestie dapibus ligula. Aliquam erat volutpat. Nulla dignissim. Maecenas ornare egestas ligula. Nullam feugiat placerat velit. Quisque'),(978,1,3,'aliquet, metus'),(979,3,1,'vulputate velit eu sem. Pellentesque ut ipsum ac mi eleifend egestas. Sed pharetra, felis eget'),(980,5,2,'dui'),(981,4,3,'eget ipsum. Suspendisse sagittis. Nullam vitae diam. Proin dolor. Nulla semper tellus id'),(982,2,1,'sollicitudin adipiscing ligula. Aenean gravida nunc sed pede. Cum sociis natoque penatibus et magnis dis parturient montes,'),(983,1,2,'iaculis nec, eleifend non, dapibus rutrum, justo. Praesent luctus. Curabitur egestas nunc sed libero. Proin'),(984,3,1,'arcu et pede.'),(985,4,2,'metus. Vivamus euismod urna. Nullam lobortis quam a felis ullamcorper viverra. Maecenas iaculis aliquet diam. Sed diam lorem,'),(986,1,1,'tincidunt. Donec'),(987,2,2,'ornare egestas ligula. Nullam feugiat'),(988,4,4,'sit amet metus. Aliquam erat volutpat. Nulla facilisis. Suspendisse commodo'),(989,4,5,'Nulla facilisis. Suspendisse commodo tincidunt nibh. Phasellus nulla. Integer vulputate, risus a ultricies adipiscing, enim mi tempor lorem, eget'),(990,2,1,'massa lobortis ultrices. Vivamus rhoncus. Donec est. Nunc ullamcorper, velit in aliquet lobortis, nisi nibh'),(991,5,1,'facilisis. Suspendisse commodo'),(992,2,3,'ullamcorper. Duis at lacus. Quisque purus sapien, gravida non,'),(993,5,3,'lectus pede, ultrices a, auctor non, feugiat nec, diam. Duis mi enim,'),(994,1,4,'amet nulla.'),(995,2,5,'lacus, varius et, euismod et, commodo'),(996,3,5,'erat. Vivamus nisi. Mauris nulla. Integer urna. Vivamus molestie'),(997,2,5,'gravida sit amet, dapibus id, blandit at, nisi. Cum sociis natoque penatibus'),(998,4,5,'ut odio vel est'),(999,2,2,'nostra, per inceptos hymenaeos. Mauris ut quam vel sapien imperdiet ornare. In faucibus. Morbi vehicula. Pellentesque tincidunt tempus'),(1000,4,5,'adipiscing elit. Curabitur sed tortor. Integer aliquam adipiscing lacus. Ut nec urna et arcu imperdiet ullamcorper. Duis at lacus. Quisque'),(1001,5,5,'Good driver');
/*!40000 ALTER TABLE `driver_rating` ENABLE KEYS */;
UNLOCK TABLES;
/*!50003 SET @saved_cs_client      = @@character_set_client */ ;
/*!50003 SET @saved_cs_results     = @@character_set_results */ ;
/*!50003 SET @saved_col_connection = @@collation_connection */ ;
/*!50003 SET character_set_client  = utf8mb4 */ ;
/*!50003 SET character_set_results = utf8mb4 */ ;
/*!50003 SET collation_connection  = utf8mb4_0900_ai_ci */ ;
/*!50003 SET @saved_sql_mode       = @@sql_mode */ ;
/*!50003 SET sql_mode              = 'STRICT_TRANS_TABLES,NO_ENGINE_SUBSTITUTION' */ ;
DELIMITER ;;
/*!50003 CREATE*/ /*!50017 DEFINER=`root`@`localhost`*/ /*!50003 TRIGGER `update_driver_rating_on_driver` AFTER INSERT ON `driver_rating` FOR EACH ROW BEGIN
	DECLARE order_id_var INT;
	DECLARE driver_id_var INT;
    
    -- get order id and driver id values from the rating and order tables respectively --
	SELECT `order_id` INTO order_id_var FROM `Campus_Eats_Fall2020`.`rating` WHERE rating_id=NEW.rating_id;
    SELECT `driver_id` INTO driver_id_var FROM `Campus_Eats_Fall2020`.`order` WHERE order_id=order_id_var;
    
    UPDATE `Campus_Eats_Fall2020`.`driver`
    SET rating = get_avg_driver_rating_func(driver_id_var)
    WHERE driver_id=driver_id_var;
END */;;
DELIMITER ;
/*!50003 SET sql_mode              = @saved_sql_mode */ ;
/*!50003 SET character_set_client  = @saved_cs_client */ ;
/*!50003 SET character_set_results = @saved_cs_results */ ;
/*!50003 SET collation_connection  = @saved_col_connection */ ;

--
-- Temporary view structure for view `driver_rating_view`
--

DROP TABLE IF EXISTS `driver_rating_view`;
/*!50001 DROP VIEW IF EXISTS `driver_rating_view`*/;
SET @saved_cs_client     = @@character_set_client;
/*!50503 SET character_set_client = utf8mb4 */;
/*!50001 CREATE VIEW `driver_rating_view` AS SELECT 
 1 AS `driver_id`,
 1 AS `driver_name`,
 1 AS `order_count`,
 1 AS `avg_overall_experience`,
 1 AS `avg_driver_speed`,
 1 AS `avg_driver_courtesy`*/;
SET character_set_client = @saved_cs_client;

--
-- Table structure for table `faculty`
--

DROP TABLE IF EXISTS `faculty`;
/*!40101 SET @saved_cs_client     = @@character_set_client */;
/*!50503 SET character_set_client = utf8mb4 */;
CREATE TABLE `faculty` (
  `faculty_id` int NOT NULL AUTO_INCREMENT,
  `person_id` int NOT NULL,
  `title` varchar(75) DEFAULT NULL,
  `degree_college` varchar(75) DEFAULT NULL,
  `highest_degree` varchar(75) DEFAULT NULL,
  PRIMARY KEY (`faculty_id`),
  KEY `fk_F_person_id` (`person_id`),
  CONSTRAINT `fk_F_person_id` FOREIGN KEY (`person_id`) REFERENCES `person` (`person_id`)
) ENGINE=InnoDB AUTO_INCREMENT=27 DEFAULT CHARSET=latin1;
/*!40101 SET character_set_client = @saved_cs_client */;

--
-- Dumping data for table `faculty`
--

LOCK TABLES `faculty` WRITE;
/*!40000 ALTER TABLE `faculty` DISABLE KEYS */;
INSERT INTO `faculty` VALUES (1,8,'Assistant Professor','UF','PhD'),(2,11,'Professor','SJSU','Master'),(3,21,'Adjunct Professor','UNCC','Master'),(4,16,'Assistant Professor','UF','Bachelor'),(5,6,'Assistant Professor','Yale','Master'),(6,4,'Professor','CMU','PhD'),(7,15,'Assistant Professor','Duke','PhD'),(8,12,'Professor','NCSU','Master'),(9,10,'Adjunct Professor','Stanford','Bachelor'),(10,7,'Assistant Professor','Duke','PhD'),(11,14,'Assistant Professor','CMU','Bachelor'),(12,3,'Adjunct Professor','UNCC','Bachelor'),(13,1,'Assistant Professor','Harvard','Bachelor'),(14,22,'Assistant Professor','NCSU','PhD'),(15,9,'Assistant Professor','Harvard','Bachelor'),(16,25,'Adjunct Professor','Harvard','Bachelor'),(17,17,'Adjunct Professor','Stanford','Master'),(18,18,'Assistant Professor','UNCC','PhD'),(19,24,'Assistant Professor','CMU','Bachelor'),(20,23,'Adjunct Professor','Stanford','PhD'),(21,19,'Assistant Professor','CMU','PhD'),(22,20,'Professor','Stanford','PhD'),(23,13,'Adjunct Professor','NCSU','PhD'),(24,2,'Assistant Professor','Duke','Master'),(25,5,'Adjunct Professor','SJSU','Master'),(26,205,'Assistant Professor','UCLA','PhD');
/*!40000 ALTER TABLE `faculty` ENABLE KEYS */;
UNLOCK TABLES;

--
-- Table structure for table `location`
--

DROP TABLE IF EXISTS `location`;
/*!40101 SET @saved_cs_client     = @@character_set_client */;
/*!50503 SET character_set_client = utf8mb4 */;
CREATE TABLE `location` (
  `location_id` int NOT NULL AUTO_INCREMENT,
  `location_name` varchar(75) DEFAULT NULL,
  `location_address` varchar(75) DEFAULT NULL,
  `latitude` varchar(75) DEFAULT NULL,
  `longitude` varchar(75) DEFAULT NULL,
  `drop_off_point` varchar(75) DEFAULT NULL,
  PRIMARY KEY (`location_id`),
  UNIQUE KEY `location_index_desc` (`location_id` DESC),
  KEY `idx_location_location_name` (`location_name`)
) ENGINE=InnoDB AUTO_INCREMENT=101 DEFAULT CHARSET=latin1;
/*!40101 SET character_set_client = @saved_cs_client */;

--
-- Dumping data for table `location`
--

LOCK TABLES `location` WRITE;
/*!40000 ALTER TABLE `location` DISABLE KEYS */;
INSERT INTO `location` VALUES (1,'Suite 157','69612 Will Ferry\nEwellfort, KS 63168','-60.101046','101.481031','7893 Zita Mission Suite 949'),(2,'Apt. 080','711 Sammie Manor Apt. 863\nNorth Derek, NC 10578-4530','43.715801','3.213285','456 Lucio Common'),(3,'Suite 057','28742 Cole Forest Suite 483\nPort Jettiestad, RI 73714','89.842723','176.244614','145 Hal Skyway'),(4,'Apt. 443','356 Anderson Ridge Suite 742\nNorth Napoleon, VT 49903-3077','58.930520','109.869865','783 Travis Junction Apt. 728'),(5,'Suite 615','160 Skylar Union Apt. 740\nNew Elna, WY 49897-8734','79.842372','-61.397932','29350 Vandervort Estates'),(6,'Apt. 102','0552 Oran Forest Apt. 992\nMurazikview, NH 38317','-33.883942','-170.177924','1097 Wellington Valleys Apt. 395'),(7,'Apt. 309','6422 Nicolas Parkway Apt. 645\nPort Chadrick, FL 35738-8854','-64.515628','8.086937','408 Arely Streets Suite 405'),(8,'Apt. 210','7342 Lon Burgs Apt. 111\nGriffinborough, VT 64308','86.553283','-141.049418','5539 Mohammad Heights'),(9,'Suite 985','11269 Satterfield Knoll\nMauricehaven, WA 28902','5.180228','-52.389443','65717 Emmerich Walks'),(10,'Suite 343','147 Rempel Fork Apt. 940\nLake Delbert, LA 88131','44.909586','153.999345','658 Muhammad Land'),(11,'Suite 534','6402 Nienow Branch\nAriannatown, OK 28871-1749','-54.503176','-25.420009','27516 Elizabeth Road Suite 956'),(12,'Apt. 170','500 Boyle Gardens\nEast Amaliamouth, NY 48976','-54.104944','162.891267','67672 Frederik Skyway'),(13,'Suite 059','10112 Rau Station Apt. 761\nGarryland, AL 55900-5843','2.597478','-155.953323','7712 Maddison Centers Suite 850'),(14,'Suite 699','3808 Doyle Trail\nEast Silas, IA 37233-1658','30.753077','86.288575','136 O\'Connell Cape'),(15,'Apt. 286','20238 Altenwerth Loaf Suite 010\nDereckshire, VA 95393','-66.122207','-149.824885','77965 Destini Expressway Apt. 959'),(16,'Suite 691','9248 Bogisich Valleys\nTrompstad, NC 13748-3393','2.515638','177.753639','549 McClure Mission Apt. 918'),(17,'Apt. 332','204 Boyle Fort Apt. 653\nKautzerbury, LA 72319-3112','-68.893434','174.800381','11522 Haag Ferry Suite 031'),(18,'Apt. 158','63501 Funk Meadows\nUptonland, SD 60736-9385','28.507958','-75.256071','277 Mitchell Groves'),(19,'Suite 575','5924 Wuckert Meadow\nSouth Peggieview, GA 74295','-16.610616','-72.268415','43775 Narciso Plains'),(20,'Suite 268','345 Hermiston Streets\nPadbergton, MT 28143','65.738737','58.149015','3512 Carmela Cove Apt. 544'),(21,'Apt. 524','873 Percival Lights Suite 233\nAliviaview, GA 03965','67.141265','-173.513727','3838 Kirk Estates'),(22,'Apt. 190','66253 Reynolds Estate Suite 044\nSimonisside, WA 61688','5.838614','-111.040987','2610 Nolan Mill'),(23,'Suite 971','80612 Huel Shoal Suite 474\nGustavetown, NY 21745','38.930320','-13.117365','82341 Bernier Hills'),(24,'Suite 241','0276 Tamia Station Suite 735\nSolonfort, RI 12291-5788','7.830370','144.207856','4173 Theodora Plains'),(25,'Apt. 982','61231 Oda Loaf\nNew Nayeli, AK 82397','-12.199068','-17.852044','4485 Larissa Locks'),(26,'Apt. 366','3756 Terry Garden\nEast Lowellchester, AR 21100-1833','-18.154077','-82.234137','7989 Keira Fields'),(27,'Apt. 655','080 Darian Court\nSchuppemouth, NY 01757-0964','32.289014','-51.656823','6354 Chaya Inlet Apt. 859'),(28,'Suite 627','077 Jones Way\nSouth Mac, NH 34012','-77.441834','138.508983','8576 Mraz Route'),(29,'Apt. 067','532 Walsh Rest\nClementtown, KS 33449-1356','21.713872','64.510151','5524 Amina Meadow'),(30,'Apt. 435','62852 Josianne Mills\nEast Jeromeview, LA 82405','3.125229','-111.949983','21779 Nikolaus Common Apt. 851'),(31,'Apt. 862','3932 Alysha Station Suite 223\nLake Jakeland, WI 16933-0548','-4.658250','90.607759','352 Lehner Club'),(32,'Apt. 547','675 Giuseppe Divide\nNorth Angela, NY 08608','-72.446033','47.048924','7245 Lindgren Mount'),(33,'Suite 890','752 Cecilia Bypass Apt. 959\nSanfordhaven, WA 56971-1157','51.665170','77.806552','15710 Leon Viaduct'),(34,'Suite 328','7598 Klocko Oval Apt. 344\nDavionview, OH 58638','11.881816','73.668767','657 Annie Mission Apt. 557'),(35,'Suite 753','485 Grayce Oval\nWest Jarrett, IA 91623-1323','24.690149','66.045301','369 Schumm Lock Apt. 238'),(36,'Apt. 645','21545 Lind Avenue Apt. 382\nPredovicview, MI 29544','-74.927689','83.265896','091 Matilde Plains'),(37,'Suite 951','6198 Fay Wells\nGaylordstad, CT 61152','66.394980','-59.050144','83844 Colten Locks Apt. 489'),(38,'Suite 216','346 Schaefer Coves\nJadeland, MS 78153','-66.245838','-158.722669','5860 Herbert Mill Apt. 351'),(39,'Suite 468','784 Nickolas Prairie\nEmmanuelleberg, MO 24742','56.745502','-157.051267','333 Kassulke Stravenue Suite 365'),(40,'Apt. 687','7517 Leonard Viaduct Apt. 845\nBettiestad, MI 44408-9670','29.819380','-32.122210','1610 Hermina Harbor'),(41,'Apt. 130','50315 Frami Avenue\nLubowitztown, AR 11074','-84.989439','-80.878304','0930 Kessler Pines'),(42,'Apt. 621','46127 Rowe Meadows\nPort Kacey, OH 67514','42.828977','103.587679','27321 Jonas Lodge'),(43,'Apt. 339','13115 Goyette Hill Apt. 020\nNew Viviane, WI 82795-6389','-64.609637','91.929908','674 Axel Square Apt. 434'),(44,'Suite 091','64736 Michale Dam Suite 996\nVioletton, CT 07419-1266','2.426098','-55.634546','90325 Samson Manors'),(45,'Suite 606','8865 Weimann Meadows Apt. 986\nNew Darrin, ND 68683-4367','9.188521','150.453880','70401 Andres Cape'),(46,'Apt. 895','0651 Hoeger Route\nNew Madelineport, NJ 20757','-87.709982','76.089939','4599 Crona Wall'),(47,'Suite 874','48826 Jacobson Rue Apt. 189\nNew Javon, MT 26911','-21.845400','35.257482','827 Barrows Grove Suite 824'),(48,'Apt. 942','4926 Lupe Prairie Apt. 046\nBeckerville, ME 26965','-78.054954','-130.852481','832 Muller Valley'),(49,'Apt. 614','69415 Gerry Wall Suite 971\nBeattyfort, VT 50012-9205','72.283789','-108.170390','4022 Koelpin Fords Apt. 743'),(50,'Apt. 030','666 Heller Club Apt. 467\nBurleyshire, MD 54385-3107','-38.728546','-35.072223','0068 Tromp Centers'),(51,'Apt. 940','794 Hilbert Roads\nWilhelminemouth, DC 00100','-8.897519','88.848386','346 Janae Harbor Suite 458'),(52,'Apt. 634','65073 Aufderhar Mission Suite 778\nLoniestad, SD 78878-6419','23.408943','165.398873','36035 Barton Crest'),(53,'Apt. 782','746 Jalon Fort\nDariofort, MA 79648','-59.088037','-103.347456','321 Margarett Path'),(54,'Suite 426','8353 Alejandra Heights\nNorth Gardner, AR 00733-0393','-26.565917','115.692025','189 Blick Manors Apt. 066'),(55,'Apt. 709','62270 Katelynn Views\nTomborough, WV 24093-0247','-37.074660','76.206560','2245 Alexander Forest Apt. 581'),(56,'Suite 991','7814 Stanley Ramp\nNorth Alene, MA 01296-2354','46.302614','-25.734456','49283 Kamryn Point Suite 174'),(57,'Suite 960','65592 Liam Route\nLucymouth, VA 96459','-20.775978','121.809647','1714 Dena Ferry Suite 821'),(58,'Apt. 765','18848 Heaney Knoll Apt. 745\nLake Genoveva, FL 65517-3493','-82.197132','47.558329','5529 Rosamond Forges Suite 578'),(59,'Suite 078','7033 Yost Drive Apt. 553\nMekhiview, OK 48129-1227','-84.757382','-58.654951','3021 Baumbach Terrace Suite 512'),(60,'Apt. 554','8312 Elaina Stream\nOsborneview, ME 31318','-41.348220','-36.548238','9338 Chadd Landing'),(61,'Apt. 649','32904 Kunze Point\nWest Marlon, KS 96283','77.113732','173.740537','036 Rebeca Ports Suite 971'),(62,'Suite 285','2055 Reinger Isle Suite 643\nPort Gilbert, CO 29400','41.839736','140.371966','6591 Murazik Fields'),(63,'Suite 131','4927 Rowe Mountains Suite 840\nRomafort, OR 55775-5302','-12.717245','98.803269','0573 Jennie Centers Suite 444'),(64,'Suite 549','38523 Ebert Plains\nNorth Reesemouth, PA 81161','39.412911','-13.612642','847 Alexandrine Pine'),(65,'Suite 057','577 Bosco Green Apt. 208\nRubytown, CO 67492','74.904833','138.781453','715 Elena Prairie'),(66,'Apt. 224','2759 Emmalee Radial\nBogisichmouth, GA 93636-4262','80.350868','109.402133','32117 Larkin Glens Suite 120'),(67,'Suite 842','122 Frederick Plaza Suite 326\nLarkinfurt, LA 61011-0332','51.879563','139.262053','6672 O\'Reilly Station Apt. 304'),(68,'Suite 051','1579 Cyrus Square\nPort Raphaelle, SD 02230','54.628958','16.532622','60762 Lafayette Mount'),(69,'Suite 566','354 Konopelski Mission Suite 967\nNorth Waldo, NH 57787','55.835435','121.519774','37963 Eliseo Field Suite 782'),(70,'Suite 194','270 Wyman Burgs\nSchmidtborough, ID 31185','2.428639','18.915083','3011 Keagan Cliff'),(71,'Suite 400','7180 Devante Hills Suite 245\nSouth Rossie, ND 77848-7427','-31.676452','-171.620202','601 Adriana Forge'),(72,'Suite 170','5862 Leatha Orchard Suite 024\nReubenmouth, LA 38852','-48.152329','144.854379','57056 Lang Vista Suite 576'),(73,'Suite 972','775 Quinton Lane Apt. 482\nQuitzonfort, ID 32867-1172','5.775053','120.802147','01687 Russel Streets'),(74,'Apt. 814','344 Rylee Vista Apt. 872\nElvistown, CO 63706-4744','-67.390203','-38.347276','938 Abshire Mission'),(75,'Apt. 669','45232 Jast Shoals Apt. 768\nWest Nelsview, KY 81086-6074','-71.989135','168.958988','404 Ena Crest Suite 279'),(76,'Suite 564','576 Huels Burgs\nPort Fritz, OH 46070-9005','47.057137','115.145131','2263 Ella Lodge Apt. 429'),(77,'Suite 399','065 Stracke Mountain Suite 204\nWildermantown, MS 82948-2075','-53.323383','140.320853','4862 Stone Coves'),(78,'Apt. 094','91865 Letha Village Suite 621\nLangchester, ND 52116','-6.897948','-60.925732','833 Colten Shore'),(79,'Apt. 567','25427 Casimer Oval Apt. 791\nNorth Herta, TN 66396-2943','-33.475706','131.064403','395 Koepp Plain'),(80,'Suite 693','688 Hahn Centers\nPort Alphonsoview, RI 76712','-53.028515','19.837964','165 Mercedes Place Apt. 655'),(81,'Suite 509','658 Conor Port Apt. 489\nAbigaleview, IN 71308-0448','-76.085998','-54.565506','2862 Marty Throughway'),(82,'Apt. 678','6248 Frida Neck\nHarveyport, NJ 19092-3293','0.498058','39.425007','45787 Chaya Forks'),(83,'Apt. 539','19376 Name Neck Suite 362\nAntonioland, NV 49104-5101','-72.426565','-153.978776','60734 Kathlyn Rue Suite 096'),(84,'Suite 174','16736 Annabel Rapid Suite 989\nPort Halie, VT 56468','20.498983','-156.991411','0603 Ryan Glens'),(85,'Apt. 010','522 Waelchi Ramp\nSouth Polly, HI 61817-1149','-67.186395','95.299372','12273 Paucek Mount Suite 261'),(86,'Suite 873','20209 Mazie Glens Suite 966\nGwenview, KY 53849','-79.339662','-18.135492','9742 Nico Turnpike Apt. 716'),(87,'Apt. 198','8187 O\'Kon Loop Suite 540\nSouth Mikeborough, MT 08645-7217','81.564385','129.153519','667 Nyasia Stravenue Apt. 223'),(88,'Apt. 386','3824 Jerald Wells\nLednerchester, IL 34650','-62.141340','-50.218426','313 Toy Shore'),(89,'Apt. 627','9946 Evangeline Trail\nMitchellfurt, KS 78732','-45.361426','141.801986','48675 Mann Mission'),(90,'Apt. 408','359 Reichel Course\nPort Heathville, NV 22035-1749','-37.629458','142.868503','04507 Aisha Light'),(91,'Apt. 940','2841 Matilda Light\nNew Berneice, KY 93006-1067','44.019826','61.089192','7894 Wiegand Center'),(92,'Suite 523','09351 Dawn Isle\nPort Monty, IN 03900','5.537848','-47.637225','000 Gleichner Groves Suite 760'),(93,'Suite 515','9156 Earlene Drives\nFadelbury, VA 22109-1994','-58.840136','-151.166289','7213 Unique Curve Apt. 238'),(94,'Suite 390','3194 VonRueden Road Suite 638\nEast Tiana, NE 22875','64.883603','157.722086','843 Konopelski Gardens Apt. 507'),(95,'Suite 353','441 Steuber Landing Suite 981\nBayleehaven, DC 05649','28.826289','41.172158','853 Fritsch Street Suite 159'),(96,'Suite 901','94240 Tremblay Viaduct Suite 169\nNew Melody, AR 25552','55.711350','161.543504','9168 Lilly Ranch Apt. 651'),(97,'Apt. 441','26914 Johnston Via Suite 614\nGloverport, GA 39771','-26.328698','120.427582','2852 Marisol Meadows Suite 534'),(98,'Apt. 481','863 Nina Village\nSouth Vernonberg, WA 34268','-68.889173','84.854941','57866 Birdie Corners'),(99,'Apt. 412','50421 Heaney Unions\nNew Pasquale, AK 98565-2159','-35.314166','-155.680802','97642 Rempel Tunnel Suite 610'),(100,'Apt. 474','42828 Evangeline Square\nJacklynfort, AK 42024-2081','66.232111','91.681238','778 Cassandre Cliff');
/*!40000 ALTER TABLE `location` ENABLE KEYS */;
UNLOCK TABLES;

--
-- Table structure for table `order`
--

DROP TABLE IF EXISTS `order`;
/*!40101 SET @saved_cs_client     = @@character_set_client */;
/*!50503 SET character_set_client = utf8mb4 */;
CREATE TABLE `order` (
  `order_id` int NOT NULL AUTO_INCREMENT,
  `person_id` int NOT NULL,
  `delivery_id` int NOT NULL,
  `location_id` int NOT NULL,
  `driver_id` int NOT NULL,
  `restaurant_id` int NOT NULL,
  `total_price` float NOT NULL,
  `delivery_charge` float DEFAULT NULL,
  PRIMARY KEY (`order_id`),
  KEY `fk_O_person_id` (`person_id`),
  KEY `fk_O_delivery_id` (`delivery_id`),
  KEY `fk_O_location_id` (`location_id`),
  KEY `fk_O_driver_id` (`driver_id`),
  KEY `fk_O_restaurant_id` (`restaurant_id`),
  CONSTRAINT `fk_O_delivery_id` FOREIGN KEY (`delivery_id`) REFERENCES `delivery` (`delivery_id`),
  CONSTRAINT `fk_O_driver_id` FOREIGN KEY (`driver_id`) REFERENCES `driver` (`driver_id`),
  CONSTRAINT `fk_O_location_id` FOREIGN KEY (`location_id`) REFERENCES `location` (`location_id`),
  CONSTRAINT `fk_O_person_id` FOREIGN KEY (`person_id`) REFERENCES `person` (`person_id`),
  CONSTRAINT `fk_O_restaurant_id` FOREIGN KEY (`restaurant_id`) REFERENCES `restaurant` (`restaurant_id`)
) ENGINE=InnoDB AUTO_INCREMENT=1002 DEFAULT CHARSET=latin1;
/*!40101 SET character_set_client = @saved_cs_client */;

--
-- Dumping data for table `order`
--

LOCK TABLES `order` WRITE;
/*!40000 ALTER TABLE `order` DISABLE KEYS */;
INSERT INTO `order` VALUES (1,1,1,1,1,1,15.63,6.63),(2,2,2,2,2,2,18.03,9.43),(3,3,3,3,3,3,11.91,7.42),(4,4,4,4,4,4,19.13,6.26),(5,5,5,5,5,5,13.76,6.24),(6,6,6,6,6,6,5.4,4.83),(7,7,7,7,7,7,14.05,8.57),(8,8,8,8,8,8,3.81,2.38),(9,9,9,9,1,9,17.1,6.72),(10,10,10,10,2,10,12.71,1.82),(11,11,11,11,3,11,3.9,7.26),(12,12,12,12,4,12,6.82,7.4),(13,13,13,13,5,13,4.73,7.43),(14,14,14,14,6,14,12.08,1.21),(15,15,15,15,7,15,3.83,4.77),(16,16,16,16,8,16,12.43,2.76),(17,17,17,17,1,17,6.61,4.85),(18,18,18,18,2,18,7.89,5.69),(19,19,19,19,3,19,16.54,4.88),(20,20,20,20,4,20,3.21,4.98),(21,21,21,21,5,21,5.19,4.17),(22,22,22,22,6,22,19,1.39),(23,23,23,23,7,23,14.5,3.28),(24,24,24,24,8,24,11.81,2.71),(25,25,25,25,1,25,6.83,4.85),(26,26,26,26,2,26,7.24,5.65),(27,27,27,27,3,27,10.56,1.73),(28,28,28,28,4,28,4.25,4.98),(29,29,29,29,5,29,6.68,8.66),(30,30,30,30,6,30,14.5,6.47),(31,31,31,31,7,31,14.92,9.53),(32,32,32,32,8,32,4.12,9.42),(33,33,33,33,1,33,7.02,7.99),(34,34,34,34,2,34,8.6,6.69),(35,35,35,35,3,35,8.98,4.72),(36,36,36,36,4,36,7.94,4.78),(37,37,37,37,5,37,14.8,2.13),(38,38,38,38,6,38,19.05,6.61),(39,39,39,39,7,39,12.49,5.97),(40,40,40,40,8,40,15.56,6.01),(41,41,41,41,1,41,8.85,7.06),(42,42,42,42,2,42,12.28,5.52),(43,43,43,43,3,43,9.28,9.63),(44,44,44,44,4,44,9.78,8),(45,45,45,45,5,45,12.43,5.11),(46,46,46,46,6,46,4.11,9.65),(47,47,47,47,7,47,14.29,6.65),(48,48,48,48,8,48,5.69,3.31),(49,49,49,49,1,49,12.52,6.38),(50,50,50,50,2,50,8.84,9.92),(51,51,51,51,3,51,5.69,1.5),(52,52,52,52,4,52,14.53,4.58),(53,53,53,53,5,53,10.23,3.61),(54,54,54,54,6,54,10.7,7.36),(55,55,55,55,7,55,14.03,8.66),(56,56,56,56,8,56,13.46,1.26),(57,57,57,57,1,57,13.98,8.85),(58,58,58,58,2,58,15.21,6.59),(59,59,59,59,3,59,4.6,8.25),(60,60,60,60,4,60,3.27,6.39),(61,61,61,61,5,61,9.39,2.63),(62,62,62,62,6,62,3.7,2.47),(63,63,63,63,7,63,18.49,7.01),(64,64,64,64,8,64,15.51,8.26),(65,65,65,65,1,65,6.8,9.41),(66,66,66,66,2,66,12.57,1.88),(67,67,67,67,3,67,8.69,6.21),(68,68,68,68,4,68,9.38,9.56),(69,69,69,69,5,69,18.23,3.89),(70,70,70,70,6,70,13.39,9.65),(71,71,71,71,7,71,17.71,3.01),(72,72,72,72,8,72,10.59,2.03),(73,73,73,73,1,73,6.99,9.8),(74,74,74,74,2,74,14.14,3.98),(75,75,75,75,3,75,16.73,7.27),(76,76,76,76,4,76,6.64,5.09),(77,77,77,77,5,77,16.48,1.15),(78,78,78,78,6,78,18.61,6.49),(79,79,79,79,7,79,18.66,8.19),(80,80,80,80,8,80,7.6,9.54),(81,81,81,81,1,81,16.72,4.05),(82,82,82,82,2,82,5.64,7.18),(83,83,83,83,3,83,7.39,9.14),(84,84,84,84,4,84,11.61,1.57),(85,85,85,85,5,85,16.74,8.84),(86,86,86,86,6,86,19.88,2.43),(87,87,87,87,7,87,7.52,4.32),(88,88,88,88,8,88,14.63,4.4),(89,89,89,89,1,89,19.45,9.89),(90,90,90,90,2,90,12.5,8.23),(91,91,91,91,3,91,10.34,3.69),(92,92,92,92,4,92,11.34,6.34),(93,93,93,93,5,93,15.05,8.26),(94,94,94,94,6,94,7.89,7.05),(95,95,95,95,7,95,16.69,9.19),(96,96,96,96,8,96,5.71,8.39),(97,97,97,97,1,97,16.9,9.15),(98,98,98,98,2,98,15.63,8.92),(99,99,99,99,3,99,3.71,2.53),(100,100,100,100,4,100,5.08,2.74),(101,19,101,19,5,98,10.77,4.85),(102,27,102,27,2,84,20.04,9.02),(103,82,103,82,7,81,23.7,10.67),(104,17,104,17,4,61,7.07,3.18),(105,7,105,7,1,59,16.43,7.39),(106,49,106,49,3,83,13.98,6.29),(107,47,107,47,1,50,20.99,9.45),(108,21,108,21,8,92,15.39,6.92),(109,48,109,48,5,100,13.92,6.27),(110,65,110,65,8,10,18.12,8.16),(111,74,111,74,8,28,7.34,3.3),(112,38,112,38,6,64,9.21,4.15),(113,50,113,50,6,95,15.14,6.81),(114,3,114,3,8,48,11.41,5.13),(115,40,115,40,7,64,9.6,4.32),(116,83,116,83,2,38,20.38,9.17),(117,86,117,86,1,22,13.42,6.04),(118,17,118,17,3,15,21.35,9.61),(119,5,119,5,7,89,14.06,6.33),(120,8,120,8,8,56,20.01,9),(121,49,121,49,6,19,24.11,10.85),(122,90,122,90,5,28,11.52,5.18),(123,83,123,83,2,41,7.45,3.35),(124,24,124,24,2,70,9.46,4.26),(125,46,125,46,8,18,8.34,3.75),(126,86,126,86,8,38,23.29,10.48),(127,26,127,26,4,7,9.68,4.36),(128,32,128,32,4,78,19.91,8.96),(129,39,129,39,1,80,6.75,3.04),(130,62,130,62,5,43,23.73,10.68),(131,31,131,31,5,69,10.82,4.87),(132,52,132,52,2,21,16.35,7.36),(133,71,133,71,2,70,7.63,3.43),(134,30,134,30,6,30,5.31,2.39),(135,45,135,45,3,39,15.77,7.1),(136,97,136,97,7,91,13.92,6.27),(137,74,137,74,2,12,6.95,3.13),(138,1,138,1,3,15,20.72,9.32),(139,99,139,99,7,5,9.97,4.49),(140,100,140,100,6,87,22.52,10.13),(141,75,141,75,1,14,13.05,5.87),(142,54,142,54,4,19,20.92,9.41),(143,72,143,72,8,35,18.29,8.23),(144,73,144,73,8,93,17.38,7.82),(145,65,145,65,5,87,15.32,6.89),(146,71,146,71,2,94,9.38,4.22),(147,69,147,69,2,82,11.44,5.15),(148,90,148,90,3,3,13.09,5.89),(149,96,149,96,3,83,13.45,6.05),(150,76,150,76,1,55,18.53,8.34),(151,85,151,85,2,1,16.64,7.49),(152,3,152,3,7,6,10.9,4.9),(153,47,153,47,6,42,15.3,6.89),(154,47,154,47,8,10,13.54,6.09),(155,93,155,93,3,93,9.83,4.42),(156,20,156,20,3,39,15.74,7.08),(157,67,157,67,5,82,14.14,6.36),(158,75,158,75,2,53,11.12,5),(159,84,159,84,2,92,8.16,3.67),(160,12,160,12,1,54,8.14,3.66),(161,58,161,58,7,79,18.23,8.2),(162,90,162,90,6,5,11.89,5.35),(163,39,163,39,7,32,13.64,6.14),(164,41,164,41,2,91,16.91,7.61),(165,60,165,60,7,87,13.15,5.92),(166,60,166,60,6,79,11.6,5.22),(167,56,167,56,5,60,7.67,3.45),(168,86,168,86,5,19,18.43,8.3),(169,85,169,85,5,74,12.87,5.79),(170,60,170,60,2,14,8.83,3.97),(171,94,171,94,1,42,12.2,5.49),(172,80,172,80,4,12,8.47,3.81),(173,85,173,85,7,98,9.6,4.32),(174,1,174,1,5,28,13.39,6.02),(175,17,175,17,8,6,16.22,7.3),(176,57,176,57,7,19,19.9,8.96),(177,77,177,77,6,79,8.12,3.66),(178,2,178,2,6,12,20.68,9.31),(179,55,179,55,3,43,22.03,9.92),(180,58,180,58,2,52,11.54,5.19),(181,8,181,8,3,93,18.55,8.35),(182,57,182,57,1,22,18.15,8.17),(183,13,183,13,8,83,12.4,5.58),(184,37,184,37,3,70,10.93,4.92),(185,35,185,35,2,40,18,8.1),(186,1,186,1,4,54,21.06,9.48),(187,96,187,96,4,50,19.76,8.89),(188,99,188,99,7,14,22.44,10.1),(189,41,189,41,2,83,9.25,4.16),(190,72,190,72,2,47,19.23,8.65),(191,77,191,77,3,5,22.52,10.14),(192,70,192,70,1,28,21.25,9.56),(193,7,193,7,5,27,15.86,7.14),(194,77,194,77,3,3,18.57,8.36),(195,69,195,69,2,62,14.75,6.64),(196,84,196,84,4,54,21.21,9.54),(197,69,197,69,8,90,16.42,7.39),(198,91,198,91,6,16,12.99,5.84),(199,59,199,59,4,33,7.03,3.16),(200,98,200,98,1,71,15.13,6.81),(201,47,201,47,7,91,14.92,6.71),(202,33,202,33,2,96,13.43,6.04),(203,23,203,23,2,80,15.12,6.8),(204,30,204,30,8,89,12.33,5.55),(205,33,205,33,4,30,12.32,5.54),(206,29,206,29,3,11,14.93,6.72),(207,63,207,63,4,30,19.93,8.97),(208,91,208,91,3,75,13.14,5.91),(209,1,209,1,4,52,8.94,4.02),(210,58,210,58,4,94,19.05,8.57),(211,51,211,51,6,65,8,3.6),(212,15,212,15,2,91,22.87,10.29),(213,4,213,4,5,21,12.4,5.58),(214,10,214,10,1,36,20.58,9.26),(215,33,215,33,4,55,18.42,8.29),(216,38,216,38,1,100,12.96,5.83),(217,45,217,45,7,53,15.01,6.76),(218,89,218,89,4,32,10.41,4.69),(219,51,219,51,8,42,9.81,4.41),(220,11,220,11,2,87,20.91,9.41),(221,8,221,8,1,22,14.35,6.46),(222,94,222,94,8,51,9.86,4.44),(223,68,223,68,8,26,7.84,3.53),(224,93,224,93,1,81,16.47,7.41),(225,92,225,92,7,32,11.44,5.15),(226,78,226,78,6,27,20.95,9.43),(227,29,227,29,5,60,8.84,3.98),(228,9,228,9,4,90,20,9),(229,65,229,65,8,90,13.84,6.23),(230,87,230,87,2,21,20.67,9.3),(231,95,231,95,5,57,21.68,9.75),(232,17,232,17,7,25,15.76,7.09),(233,20,233,20,5,26,10.05,4.52),(234,25,234,25,5,39,21.88,9.85),(235,2,235,2,5,86,20.2,9.09),(236,97,236,97,4,91,21.32,9.6),(237,38,237,38,5,100,12.14,5.46),(238,49,238,49,3,2,19.28,8.67),(239,8,239,8,5,62,14.13,6.36),(240,90,240,90,3,3,17.18,7.73),(241,52,241,52,8,43,15.24,6.86),(242,39,242,39,7,68,18.32,8.24),(243,5,243,5,3,23,18.98,8.54),(244,75,244,75,2,95,11.75,5.29),(245,20,245,20,4,44,10.13,4.56),(246,10,246,10,5,46,9.26,4.17),(247,61,247,61,3,41,17.23,7.76),(248,84,248,84,2,22,11.24,5.06),(249,31,249,31,4,82,11.35,5.11),(250,10,250,10,1,47,19.82,8.92),(251,73,251,73,3,66,15.03,6.76),(252,42,252,42,1,31,14.04,6.32),(253,80,253,80,7,3,19.67,8.85),(254,38,254,38,1,1,20.29,9.13),(255,100,255,100,5,23,11.77,5.3),(256,79,256,79,8,93,7.01,3.15),(257,10,257,10,8,91,11.7,5.27),(258,92,258,92,3,65,20.46,9.21),(259,87,259,87,5,4,21.73,9.78),(260,62,260,62,2,43,10.85,4.88),(261,84,261,84,2,60,14.06,6.33),(262,47,262,47,3,87,5.72,2.58),(263,1,263,1,1,83,8.1,3.65),(264,21,264,21,7,63,17.95,8.08),(265,62,265,62,8,1,16.39,7.37),(266,59,266,59,1,39,14.47,6.51),(267,3,267,3,1,90,13.82,6.22),(268,76,268,76,4,12,8.83,3.97),(269,99,269,99,4,35,11.17,5.03),(270,26,270,26,4,75,12.46,5.61),(271,35,271,35,4,85,18.24,8.21),(272,7,272,7,5,30,13.36,6.01),(273,8,273,8,8,22,8.92,4.02),(274,14,274,14,5,44,10.88,4.89),(275,72,275,72,3,54,8.46,3.81),(276,97,276,97,4,48,15.32,6.89),(277,49,277,49,7,95,21.3,9.58),(278,28,278,28,8,60,14.31,6.44),(279,4,279,4,8,10,11.25,5.06),(280,53,280,53,1,100,7.34,3.3),(281,61,281,61,8,97,10.24,4.61),(282,40,282,40,8,96,18.39,8.28),(283,100,283,100,2,34,13.73,6.18),(284,61,284,61,2,54,15.5,6.98),(285,79,285,79,2,71,18.98,8.54),(286,15,286,15,8,82,12.54,5.64),(287,87,287,87,7,49,9.52,4.28),(288,72,288,72,7,81,13.2,5.94),(289,31,289,31,5,98,14.74,6.63),(290,43,290,43,8,26,15.38,6.92),(291,2,291,2,5,90,21.2,9.54),(292,94,292,94,1,85,11.56,5.2),(293,69,293,69,8,39,10.29,4.63),(294,20,294,20,8,71,20.09,9.04),(295,35,295,35,1,39,19.22,8.65),(296,92,296,92,4,60,21.26,9.57),(297,33,297,33,3,87,11.74,5.28),(298,12,298,12,5,6,16.28,7.33),(299,19,299,19,2,7,6.72,3.02),(300,91,300,91,4,98,13.26,5.97),(301,1,301,1,7,1,19.36,8.71),(302,89,302,89,8,58,12.81,5.76),(303,93,303,93,5,75,20.6,9.27),(304,97,304,97,7,22,20.46,9.21),(305,53,305,53,5,43,12.26,5.52),(306,33,306,33,5,33,20.97,9.44),(307,99,307,99,1,23,20.98,9.44),(308,22,308,22,4,25,10.83,4.87),(309,19,309,19,6,38,11.43,5.14),(310,5,310,5,1,31,8.42,3.79),(311,32,311,32,4,47,13.4,6.03),(312,63,312,63,4,43,15.21,6.85),(313,78,313,78,7,75,11.67,5.25),(314,67,314,67,2,37,17.99,8.1),(315,59,315,59,6,76,18.97,8.54),(316,76,316,76,8,17,11.08,4.99),(317,44,317,44,8,52,8.61,3.88),(318,61,318,61,3,28,19.68,8.85),(319,12,319,12,2,58,16.17,7.28),(320,55,320,55,6,55,8.17,3.68),(321,41,321,41,3,57,12.87,5.79),(322,16,322,16,2,26,15.88,7.15),(323,24,323,24,5,65,19.75,8.89),(324,27,324,27,5,75,7.7,3.47),(325,43,325,43,5,75,15.41,6.94),(326,84,326,84,5,83,5.48,2.46),(327,62,327,62,1,69,13.19,5.94),(328,56,328,56,7,98,18.8,8.46),(329,60,329,60,4,48,10.89,4.9),(330,71,330,71,7,4,22.66,10.2),(331,9,331,9,7,11,11.22,5.05),(332,20,332,20,3,89,10.02,4.51),(333,23,333,23,2,47,9.4,4.23),(334,19,334,19,1,4,14.12,6.35),(335,42,335,42,5,15,16.54,7.44),(336,13,336,13,1,78,13.93,6.27),(337,79,337,79,4,98,19.49,8.77),(338,1,338,1,5,76,9.59,4.31),(339,25,339,25,5,69,12.62,5.68),(340,53,340,53,5,49,16.88,7.59),(341,77,341,77,7,41,18.63,8.38),(342,7,342,7,1,34,8.11,3.65),(343,53,343,53,6,73,19.2,8.64),(344,68,344,68,2,78,14.22,6.4),(345,85,345,85,3,38,18.06,8.13),(346,17,346,17,3,34,11.52,5.18),(347,51,347,51,4,70,10.88,4.9),(348,68,348,68,1,48,6.35,2.86),(349,56,349,56,2,100,7.33,3.3),(350,25,350,25,1,99,19.08,8.59),(351,34,351,34,3,39,11.94,5.38),(352,57,352,57,1,75,6.03,2.71),(353,18,353,18,6,85,16.95,7.63),(354,32,354,32,2,5,9.78,4.4),(355,83,355,83,4,60,17.31,7.79),(356,31,356,31,4,88,13.28,5.97),(357,52,357,52,6,86,10.32,4.64),(358,18,358,18,3,38,23.84,10.73),(359,35,359,35,3,10,9.13,4.11),(360,48,360,48,1,90,7.16,3.22),(361,68,361,68,4,80,19.2,8.64),(362,85,362,85,5,5,10.32,4.64),(363,79,363,79,4,30,17.29,7.78),(364,100,364,100,7,34,6.58,2.96),(365,94,365,94,8,29,22.24,10.01),(366,60,366,60,3,100,18.82,8.47),(367,92,367,92,3,43,9.59,4.32),(368,52,368,52,4,3,11.66,5.25),(369,16,369,16,7,10,9.64,4.34),(370,52,370,52,3,86,14.22,6.4),(371,36,371,36,8,22,19.61,8.82),(372,17,372,17,6,2,13.1,5.89),(373,48,373,48,1,20,23.49,10.57),(374,57,374,57,6,12,19.74,8.88),(375,48,375,48,4,64,12.26,5.52),(376,52,376,52,2,99,19.82,8.92),(377,4,377,4,2,74,23.37,10.52),(378,64,378,64,3,9,8.95,4.03),(379,64,379,64,2,30,14.82,6.67),(380,29,380,29,2,72,12.27,5.52),(381,67,381,67,1,46,6.82,3.07),(382,79,382,79,3,74,9.33,4.2),(383,18,383,18,5,34,20.54,9.24),(384,97,384,97,1,23,15.38,6.92),(385,56,385,56,3,57,11.3,5.09),(386,48,386,48,3,65,9.4,4.23),(387,66,387,66,5,82,20.48,9.21),(388,57,388,57,7,100,14.45,6.5),(389,15,389,15,2,62,20.94,9.42),(390,60,390,60,5,88,18.82,8.47),(391,26,391,26,6,42,14.58,6.56),(392,14,392,14,2,59,9.15,4.12),(393,36,393,36,3,27,19.12,8.6),(394,68,394,68,5,90,23,10.35),(395,46,395,46,3,65,9.92,4.47),(396,94,396,94,4,79,19.16,8.62),(397,63,397,63,3,90,10.43,4.69),(398,21,398,21,8,83,20.97,9.44),(399,25,399,25,2,57,17.75,7.99),(400,95,400,95,1,71,17.41,7.83),(401,7,401,7,8,97,13.52,6.09),(402,79,402,79,7,94,5.38,2.42),(403,34,403,34,4,88,17.71,7.97),(404,100,404,100,2,41,7.68,3.46),(405,54,405,54,3,6,15.01,6.75),(406,75,406,75,2,11,18.24,8.21),(407,80,407,80,3,60,11.76,5.29),(408,86,408,86,5,27,20.48,9.22),(409,7,409,7,2,47,11.11,5),(410,70,410,70,8,24,16.92,7.61),(411,75,411,75,3,62,20.36,9.16),(412,36,412,36,2,80,11.69,5.26),(413,68,413,68,1,85,14.73,6.63),(414,82,414,82,8,59,15.3,6.88),(415,42,415,42,8,50,14.68,6.61),(416,8,416,8,7,58,20.05,9.02),(417,89,417,89,4,26,23,10.35),(418,37,418,37,1,42,17.58,7.91),(419,81,419,81,2,92,15.47,6.96),(420,97,420,97,8,19,12.66,5.7),(421,63,421,63,8,41,9.26,4.17),(422,27,422,27,8,25,16.76,7.54),(423,89,423,89,2,46,17.45,7.85),(424,83,424,83,5,12,15.81,7.12),(425,47,425,47,6,74,7.98,3.59),(426,31,426,31,6,32,14.8,6.66),(427,86,427,86,5,35,9.27,4.17),(428,100,428,100,5,38,15.37,6.91),(429,87,429,87,5,38,11,4.95),(430,57,430,57,3,72,12.84,5.78),(431,80,431,80,5,12,12.92,5.82),(432,63,432,63,6,31,13.79,6.2),(433,88,433,88,2,66,21.69,9.76),(434,70,434,70,5,44,7.19,3.23),(435,25,435,25,2,27,18.11,8.15),(436,90,436,90,7,54,19.84,8.93),(437,3,437,3,1,28,10.84,4.88),(438,92,438,92,2,70,11.04,4.97),(439,73,439,73,4,75,20.2,9.09),(440,29,440,29,6,87,11.16,5.02),(441,50,441,50,1,10,19.07,8.58),(442,26,442,26,6,58,17.23,7.76),(443,79,443,79,5,58,23.78,10.7),(444,69,444,69,2,52,20.56,9.25),(445,33,445,33,4,67,8.28,3.72),(446,30,446,30,6,59,12.76,5.74),(447,57,447,57,7,50,10.51,4.73),(448,11,448,11,3,54,9.95,4.48),(449,50,449,50,8,10,9.81,4.41),(450,55,450,55,1,37,18.46,8.31),(451,41,451,41,5,78,9.19,4.14),(452,65,452,65,7,11,16.13,7.26),(453,78,453,78,5,24,18.28,8.23),(454,17,454,17,3,18,9.99,4.5),(455,25,455,25,8,16,19.52,8.78),(456,46,456,46,2,2,19.59,8.82),(457,79,457,79,6,14,11.67,5.25),(458,73,458,73,6,72,12.74,5.73),(459,54,459,54,5,53,18.3,8.24),(460,92,460,92,2,36,21.75,9.79),(461,88,461,88,7,67,8.57,3.86),(462,90,462,90,2,32,10.35,4.66),(463,31,463,31,2,60,7.19,3.23),(464,14,464,14,7,4,14.02,6.31),(465,4,465,4,4,85,16.72,7.52),(466,5,466,5,2,64,9.09,4.09),(467,41,467,41,7,37,7.71,3.47),(468,3,468,3,5,14,16.96,7.63),(469,12,469,12,6,95,19.47,8.76),(470,65,470,65,6,49,12.92,5.81),(471,15,471,15,7,26,17.17,7.73),(472,84,472,84,5,97,15.72,7.08),(473,91,473,91,6,43,12.02,5.41),(474,14,474,14,5,98,14.17,6.38),(475,73,475,73,5,56,13.7,6.17),(476,35,476,35,7,43,16.02,7.21),(477,71,477,71,4,17,14.6,6.57),(478,82,478,82,4,9,10.21,4.6),(479,83,479,83,8,54,20.95,9.43),(480,95,480,95,2,64,21.68,9.76),(481,47,481,47,5,71,15.83,7.13),(482,50,482,50,8,83,17.54,7.89),(483,4,483,4,4,97,20.82,9.37),(484,55,484,55,5,67,11.29,5.08),(485,82,485,82,8,71,9.83,4.42),(486,25,486,25,7,4,7,3.15),(487,30,487,30,3,25,6.16,2.77),(488,41,488,41,1,27,21.28,9.58),(489,29,489,29,4,61,21.77,9.8),(490,75,490,75,8,48,18.64,8.39),(491,4,491,4,5,40,15.55,7),(492,92,492,92,8,36,13.03,5.86),(493,19,493,19,4,82,8.72,3.93),(494,43,494,43,6,86,21.52,9.69),(495,89,495,89,5,67,22.61,10.18),(496,90,496,90,8,15,9.9,4.46),(497,62,497,62,4,70,16.62,7.48),(498,12,498,12,6,71,11.81,5.31),(499,93,499,93,7,86,8.73,3.93),(500,55,500,55,6,2,20.84,9.38),(501,12,501,12,3,5,9.4,4.23),(502,80,502,80,1,2,16.12,7.26),(503,17,503,17,8,5,19.39,8.73),(504,31,504,31,8,13,22.57,10.16),(505,23,505,23,4,62,18.99,8.55),(506,64,506,64,7,53,18.59,8.36),(507,79,507,79,2,31,7.96,3.58),(508,14,508,14,2,4,20.96,9.43),(509,82,509,82,3,28,18.19,8.19),(510,100,510,100,8,96,8.82,3.97),(511,5,511,5,3,34,16.43,7.39),(512,94,512,94,7,88,20.79,9.36),(513,74,513,74,3,41,19.28,8.67),(514,89,514,89,2,78,17.78,8),(515,95,515,95,7,100,15.59,7.02),(516,29,516,29,8,61,18.59,8.37),(517,98,517,98,1,66,16.16,7.27),(518,28,518,28,6,51,18.46,8.31),(519,85,519,85,2,99,12.83,5.77),(520,10,520,10,5,24,12.63,5.68),(521,73,521,73,8,100,20.2,9.09),(522,96,522,96,7,60,21.31,9.59),(523,20,523,20,1,42,9.43,4.24),(524,33,524,33,3,26,21.46,9.66),(525,44,525,44,5,42,10.69,4.81),(526,59,526,59,1,45,24.66,11.1),(527,28,527,28,7,64,16.47,7.41),(528,95,528,95,1,77,12.11,5.45),(529,7,529,7,2,73,19.14,8.61),(530,18,530,18,6,6,15.93,7.17),(531,47,531,47,5,76,19.6,8.82),(532,60,532,60,3,79,6.88,3.1),(533,99,533,99,3,24,8.35,3.76),(534,87,534,87,3,47,11.7,5.27),(535,85,535,85,4,47,8.04,3.62),(536,92,536,92,4,61,9.19,4.13),(537,13,537,13,6,78,17.31,7.79),(538,22,538,22,6,71,24.85,11.18),(539,92,539,92,3,39,19.69,8.86),(540,81,540,81,4,88,15.09,6.79),(541,80,541,80,5,88,19.89,8.95),(542,16,542,16,3,17,11.4,5.13),(543,89,543,89,1,46,11.79,5.3),(544,30,544,30,6,5,5.37,2.42),(545,59,545,59,7,94,16.59,7.46),(546,51,546,51,5,57,8.02,3.61),(547,20,547,20,2,32,20.22,9.1),(548,82,548,82,3,7,19.97,8.99),(549,46,549,46,3,47,9.09,4.09),(550,92,550,92,6,1,16.41,7.39),(551,45,551,45,1,50,13.85,6.23),(552,79,552,79,3,75,20.05,9.02),(553,25,553,25,8,40,8.79,3.96),(554,100,554,100,7,38,20.19,9.08),(555,85,555,85,7,44,13.55,6.1),(556,62,556,62,8,2,16.36,7.36),(557,48,557,48,4,82,16.43,7.39),(558,79,558,79,4,41,13.6,6.12),(559,37,559,37,7,70,8.04,3.62),(560,81,560,81,7,17,11.77,5.3),(561,30,561,30,5,43,11.13,5.01),(562,56,562,56,5,64,12.95,5.83),(563,49,563,49,4,27,14.06,6.33),(564,40,564,40,2,32,10.29,4.63),(565,19,565,19,5,4,10.64,4.79),(566,32,566,32,3,49,17.53,7.89),(567,45,567,45,2,70,18.97,8.54),(568,63,568,63,1,96,9.54,4.29),(569,21,569,21,5,65,16.57,7.46),(570,50,570,50,1,84,13.49,6.07),(571,13,571,13,8,65,9.31,4.19),(572,88,572,88,1,91,18.96,8.53),(573,70,573,70,3,26,19.4,8.73),(574,58,574,58,1,75,10.92,4.91),(575,65,575,65,5,91,15.62,7.03),(576,91,576,91,2,6,11.21,5.04),(577,59,577,59,3,93,10.36,4.66),(578,6,578,6,4,62,15.78,7.1),(579,98,579,98,3,51,7.05,3.17),(580,91,580,91,5,100,12.38,5.57),(581,82,581,82,4,51,15.11,6.8),(582,30,582,30,4,1,20.76,9.34),(583,78,583,78,3,24,24.86,11.19),(584,61,584,61,2,13,15.04,6.77),(585,91,585,91,6,18,14.44,6.5),(586,95,586,95,7,4,10.96,4.93),(587,38,587,38,4,91,11.49,5.17),(588,69,588,69,1,25,19.56,8.8),(589,24,589,24,3,47,7.88,3.55),(590,18,590,18,5,90,19.7,8.86),(591,49,591,49,4,85,10.27,4.62),(592,75,592,75,5,32,19.51,8.78),(593,76,593,76,4,68,11.03,4.96),(594,67,594,67,8,76,12.18,5.48),(595,8,595,8,7,41,9.5,4.28),(596,31,596,31,5,33,10.31,4.64),(597,32,597,32,3,93,11.52,5.18),(598,75,598,75,6,31,9.23,4.15),(599,27,599,27,7,8,11.03,4.97),(600,14,600,14,8,11,13.5,6.07),(601,55,601,55,3,81,9.8,4.41),(602,50,602,50,2,25,15.18,6.83),(603,94,603,94,7,81,14.97,6.74),(604,3,604,3,5,2,8.78,3.95),(605,52,605,52,1,1,20.2,9.09),(606,47,606,47,8,68,18.2,8.19),(607,62,607,62,8,2,20.41,9.18),(608,14,608,14,4,55,10.99,4.95),(609,91,609,91,1,67,17.92,8.06),(610,87,610,87,2,76,11.71,5.27),(611,9,611,9,8,27,16.64,7.49),(612,40,612,40,8,94,13.68,6.15),(613,98,613,98,5,60,11.23,5.05),(614,2,614,2,6,62,16.39,7.37),(615,32,615,32,3,8,11.16,5.02),(616,15,616,15,6,31,23.19,10.44),(617,57,617,57,8,86,24.99,11.25),(618,68,618,68,6,24,10.73,4.83),(619,56,619,56,6,16,19.22,8.65),(620,82,620,82,5,5,22.16,9.97),(621,81,621,81,2,12,18.98,8.54),(622,18,622,18,3,4,9.55,4.3),(623,80,623,80,5,91,10.9,4.9),(624,20,624,20,3,32,22.59,10.17),(625,47,625,47,6,48,16.13,7.26),(626,8,626,8,3,44,12.1,5.44),(627,73,627,73,6,1,10.15,4.57),(628,34,628,34,4,71,22.78,10.25),(629,49,629,49,4,75,21.59,9.72),(630,18,630,18,2,2,19.62,8.83),(631,49,631,49,3,57,18.18,8.18),(632,51,632,51,5,28,17.41,7.83),(633,72,633,72,8,50,6.67,3),(634,7,634,7,4,15,18.57,8.36),(635,3,635,3,4,51,22.81,10.26),(636,18,636,18,6,21,13.49,6.07),(637,62,637,62,5,82,8.85,3.98),(638,55,638,55,1,62,19.53,8.79),(639,50,639,50,4,45,9.22,4.15),(640,64,640,64,6,23,7.86,3.54),(641,86,641,86,7,20,18.78,8.45),(642,4,642,4,5,14,20,9),(643,14,643,14,5,25,21.88,9.84),(644,53,644,53,7,78,21.86,9.84),(645,1,645,1,8,79,15,6.75),(646,42,646,42,6,60,12.47,5.61),(647,10,647,10,3,70,16.51,7.43),(648,99,648,99,2,42,17.97,8.09),(649,78,649,78,3,10,14.87,6.69),(650,35,650,35,4,74,15.81,7.11),(651,94,651,94,1,6,13.36,6.01),(652,81,652,81,4,67,8.31,3.74),(653,44,653,44,3,26,21.53,9.69),(654,85,654,85,8,37,14.15,6.37),(655,34,655,34,6,32,9.74,4.38),(656,21,656,21,8,67,6.85,3.08),(657,17,657,17,2,50,5.46,2.46),(658,7,658,7,8,70,11.63,5.24),(659,100,659,100,3,68,6.61,2.98),(660,4,660,4,2,76,11.38,5.12),(661,59,661,59,2,54,17.86,8.04),(662,32,662,32,2,97,17.73,7.98),(663,59,663,59,2,89,10.51,4.73),(664,30,664,30,4,54,22.89,10.3),(665,18,665,18,6,44,14.78,6.65),(666,49,666,49,8,73,16.38,7.37),(667,77,667,77,3,44,12.43,5.59),(668,74,668,74,1,76,12.08,5.44),(669,64,669,64,6,5,19.82,8.92),(670,27,670,27,6,79,17.13,7.71),(671,80,671,80,5,33,10.21,4.59),(672,75,672,75,2,20,22.79,10.25),(673,76,673,76,4,85,14.28,6.43),(674,64,674,64,2,60,15.14,6.81),(675,11,675,11,2,16,14.48,6.52),(676,65,676,65,5,75,10.4,4.68),(677,93,677,93,3,60,16.29,7.33),(678,29,678,29,1,59,10.14,4.56),(679,50,679,50,8,14,13.09,5.89),(680,48,680,48,3,54,10.65,4.79),(681,73,681,73,2,48,20.74,9.33),(682,77,682,77,5,39,11.28,5.07),(683,4,683,4,5,40,13.74,6.18),(684,36,684,36,3,5,21.98,9.89),(685,48,685,48,6,5,8.02,3.61),(686,38,686,38,4,19,12.7,5.72),(687,98,687,98,5,2,18.86,8.49),(688,28,688,28,2,19,11.72,5.27),(689,18,689,18,8,32,10.27,4.62),(690,60,690,60,2,12,10.86,4.89),(691,32,691,32,6,54,13.57,6.1),(692,85,692,85,4,77,14.04,6.32),(693,62,693,62,8,71,18.18,8.18),(694,23,694,23,8,48,10.14,4.56),(695,61,695,61,4,87,10.47,4.71),(696,23,696,23,1,19,21.75,9.79),(697,49,697,49,3,12,7.66,3.45),(698,28,698,28,3,61,7.91,3.56),(699,77,699,77,7,45,10.7,4.82),(700,84,700,84,3,91,18.92,8.51),(701,54,701,54,6,1,13.6,6.12),(702,76,702,76,1,9,19.2,8.64),(703,80,703,80,5,90,16.32,7.34),(704,97,704,97,3,43,10.56,4.75),(705,87,705,87,2,26,10.09,4.54),(706,90,706,90,7,10,11.32,5.09),(707,61,707,61,4,20,15.34,6.9),(708,16,708,16,4,48,18.73,8.43),(709,65,709,65,3,93,18.36,8.26),(710,39,710,39,7,90,19.56,8.8),(711,68,711,68,8,45,10.73,4.83),(712,39,712,39,8,48,9.92,4.46),(713,97,713,97,8,7,22.62,10.18),(714,20,714,20,5,52,13.04,5.87),(715,34,715,34,3,87,12.89,5.8),(716,7,716,7,8,11,21.96,9.88),(717,24,717,24,3,65,16.11,7.25),(718,76,718,76,4,74,18.33,8.25),(719,91,719,91,4,54,9.11,4.1),(720,74,720,74,1,86,17.59,7.92),(721,67,721,67,8,99,20.74,9.34),(722,37,722,37,5,63,5.13,2.31),(723,12,723,12,3,77,18.41,8.28),(724,20,724,20,8,77,5.77,2.6),(725,43,725,43,3,98,16.15,7.27),(726,83,726,83,4,32,14.89,6.7),(727,61,727,61,2,70,7.14,3.22),(728,44,728,44,1,51,8.32,3.74),(729,46,729,46,7,61,21.55,9.7),(730,21,730,21,6,89,9.4,4.23),(731,80,731,80,5,57,10.28,4.62),(732,42,732,42,5,38,8.43,3.8),(733,84,733,84,4,43,20.87,9.39),(734,42,734,42,8,100,7.72,3.47),(735,25,735,25,6,99,14.05,6.32),(736,32,736,32,1,50,17.16,7.72),(737,8,737,8,5,21,13.51,6.08),(738,100,738,100,4,88,12.11,5.45),(739,98,739,98,1,65,19.12,8.6),(740,10,740,10,2,14,20.7,9.31),(741,18,741,18,2,2,21.64,9.74),(742,68,742,68,7,87,17.99,8.1),(743,43,743,43,3,69,20.32,9.14),(744,48,744,48,2,66,11.17,5.03),(745,97,745,97,8,38,5.25,2.36),(746,45,746,45,5,56,11.94,5.37),(747,75,747,75,3,60,9.38,4.22),(748,27,748,27,1,27,22.27,10.02),(749,8,749,8,7,36,7.2,3.24),(750,12,750,12,8,89,8.33,3.75),(751,30,751,30,5,42,16.3,7.34),(752,33,752,33,8,13,12.89,5.8),(753,80,753,80,1,22,17.35,7.81),(754,88,754,88,8,5,21.43,9.64),(755,55,755,55,8,77,16.71,7.52),(756,75,756,75,3,4,14.2,6.39),(757,86,757,86,6,24,6.07,2.73),(758,84,758,84,1,26,8.95,4.03),(759,17,759,17,5,75,13.2,5.94),(760,30,760,30,3,48,10.03,4.51),(761,86,761,86,1,42,23.42,10.54),(762,8,762,8,2,94,10.91,4.91),(763,99,763,99,3,98,13.86,6.24),(764,68,764,68,5,43,18.37,8.27),(765,99,765,99,2,11,14.2,6.39),(766,86,766,86,1,66,11.28,5.07),(767,16,767,16,3,86,21.59,9.71),(768,72,768,72,5,17,14.13,6.36),(769,15,769,15,5,12,21.44,9.65),(770,66,770,66,3,83,19.26,8.67),(771,55,771,55,8,51,21.38,9.62),(772,78,772,78,6,73,15.63,7.03),(773,10,773,10,7,80,17.12,7.7),(774,68,774,68,3,96,12.13,5.46),(775,22,775,22,3,40,10.05,4.52),(776,42,776,42,6,86,16.35,7.36),(777,89,777,89,6,77,14.46,6.51),(778,73,778,73,2,59,23.01,10.35),(779,86,779,86,3,90,11.92,5.36),(780,72,780,72,1,74,15.24,6.86),(781,46,781,46,6,13,16.34,7.35),(782,96,782,96,1,90,19.34,8.7),(783,8,783,8,6,41,12.49,5.62),(784,31,784,31,4,21,19.29,8.68),(785,82,785,82,2,77,15.25,6.86),(786,31,786,31,2,15,12.94,5.83),(787,55,787,55,1,36,9.28,4.17),(788,49,788,49,6,95,15.65,7.04),(789,40,789,40,4,12,12,5.4),(790,87,790,87,5,31,15.22,6.85),(791,87,791,87,6,94,21.9,9.85),(792,10,792,10,7,11,20.33,9.15),(793,32,793,32,1,43,10.28,4.63),(794,97,794,97,8,5,17.8,8.01),(795,81,795,81,3,27,13.65,6.14),(796,13,796,13,3,6,21.24,9.56),(797,63,797,63,5,66,13.03,5.86),(798,52,798,52,6,1,16.88,7.6),(799,96,799,96,3,62,15.56,7),(800,21,800,21,2,87,13.8,6.21),(801,54,801,54,5,51,13.41,6.04),(802,17,802,17,2,54,20.87,9.39),(803,36,803,36,2,27,15.07,6.78),(804,52,804,52,1,31,9.92,4.47),(805,21,805,21,7,60,17.68,7.96),(806,23,806,23,5,23,8.01,3.6),(807,71,807,71,7,81,21.5,9.67),(808,83,808,83,5,82,16.84,7.58),(809,7,809,7,4,79,15.51,6.98),(810,10,810,10,1,88,19.83,8.92),(811,64,811,64,2,43,11.06,4.98),(812,68,812,68,6,98,14.1,6.34),(813,49,813,49,7,69,22.46,10.11),(814,92,814,92,4,55,13.46,6.06),(815,46,815,46,5,87,15.71,7.07),(816,97,816,97,1,22,10.75,4.84),(817,72,817,72,2,52,8.32,3.75),(818,16,818,16,8,31,14.6,6.57),(819,64,819,64,7,14,15.21,6.85),(820,11,820,11,2,78,13.8,6.21),(821,88,821,88,6,88,22.47,10.11),(822,12,822,12,6,56,5.18,2.33),(823,61,823,61,6,2,10.51,4.73),(824,17,824,17,1,96,8.16,3.67),(825,1,825,1,5,17,10.18,4.58),(826,76,826,76,6,17,10.36,4.66),(827,7,827,7,5,50,22.11,9.95),(828,43,828,43,4,67,13.56,6.1),(829,61,829,61,2,91,13.38,6.02),(830,27,830,27,2,11,12.3,5.53),(831,97,831,97,6,48,10.69,4.81),(832,79,832,79,5,41,18.91,8.51),(833,62,833,62,5,99,20.02,9.01),(834,6,834,6,7,45,18.96,8.53),(835,62,835,62,8,50,11.1,4.99),(836,80,836,80,3,5,10.44,4.7),(837,31,837,31,1,45,16.42,7.39),(838,32,838,32,1,66,13.34,6),(839,29,839,29,3,6,15.98,7.19),(840,81,840,81,5,1,16.99,7.65),(841,33,841,33,7,5,7.02,3.16),(842,69,842,69,5,75,10.81,4.86),(843,17,843,17,1,68,22.38,10.07),(844,85,844,85,3,6,11.11,5),(845,86,845,86,1,74,13.07,5.88),(846,60,846,60,2,83,23.82,10.72),(847,56,847,56,3,66,9.88,4.44),(848,89,848,89,4,84,21.65,9.74),(849,94,849,94,6,86,15.57,7.01),(850,66,850,66,1,7,12.48,5.62),(851,43,851,43,4,37,9.24,4.16),(852,42,852,42,8,6,10.98,4.94),(853,42,853,42,2,48,21.22,9.55),(854,32,854,32,1,65,11.34,5.11),(855,46,855,46,1,65,5.82,2.62),(856,70,856,70,8,79,8.95,4.03),(857,14,857,14,1,56,10.62,4.78),(858,7,858,7,3,78,14.08,6.34),(859,43,859,43,5,5,8.96,4.03),(860,2,860,2,1,20,19.96,8.98),(861,91,861,91,3,50,6.5,2.93),(862,35,862,35,4,2,16.48,7.42),(863,93,863,93,3,77,18.89,8.5),(864,91,864,91,6,38,17.94,8.07),(865,48,865,48,3,92,10.47,4.71),(866,71,866,71,5,28,11.87,5.34),(867,16,867,16,1,51,20.28,9.12),(868,70,868,70,8,1,10.25,4.61),(869,36,869,36,4,16,21.34,9.6),(870,89,870,89,8,89,10.57,4.76),(871,65,871,65,7,51,15.28,6.88),(872,10,872,10,7,68,20.71,9.32),(873,78,873,78,8,29,7.78,3.5),(874,72,874,72,7,29,10.29,4.63),(875,82,875,82,1,68,11.49,5.17),(876,34,876,34,5,38,15.84,7.13),(877,44,877,44,3,31,18.69,8.41),(878,50,878,50,8,18,19.87,8.94),(879,41,879,41,2,17,16.1,7.25),(880,44,880,44,4,67,12.64,5.69),(881,61,881,61,8,79,16.43,7.39),(882,1,882,1,1,72,17.65,7.94),(883,69,883,69,2,23,9.98,4.49),(884,69,884,69,5,24,16.56,7.45),(885,59,885,59,6,99,9.01,4.06),(886,28,886,28,3,43,20.89,9.4),(887,97,887,97,5,16,8.82,3.97),(888,43,888,43,3,78,24.63,11.08),(889,67,889,67,4,66,17.37,7.82),(890,76,890,76,4,56,19.69,8.86),(891,75,891,75,7,23,16,7.2),(892,70,892,70,4,90,8.25,3.71),(893,38,893,38,4,86,13.25,5.96),(894,73,894,73,6,32,6.75,3.04),(895,2,895,2,1,69,15.66,7.05),(896,62,896,62,2,19,20.47,9.21),(897,59,897,59,1,96,12.78,5.75),(898,10,898,10,6,12,12,5.4),(899,86,899,86,5,77,5.4,2.43),(900,96,900,96,4,55,14.6,6.57),(901,90,901,90,8,72,9.94,4.47),(902,21,902,21,1,65,23.21,10.45),(903,1,903,1,7,38,14.86,6.69),(904,57,904,57,2,38,9.63,4.33),(905,56,905,56,8,73,9.99,4.5),(906,78,906,78,3,98,12.2,5.49),(907,9,907,9,4,21,20.07,9.03),(908,58,908,58,4,71,10.76,4.84),(909,91,909,91,1,45,10.21,4.6),(910,91,910,91,4,75,15.13,6.81),(911,85,911,85,8,25,13.9,6.25),(912,60,912,60,4,6,23.53,10.59),(913,39,913,39,6,92,21.64,9.74),(914,73,914,73,1,53,21.51,9.68),(915,88,915,88,7,12,9.13,4.11),(916,73,916,73,7,91,17.37,7.82),(917,94,917,94,4,88,17.97,8.09),(918,91,918,91,2,34,11.4,5.13),(919,61,919,61,4,27,10.59,4.76),(920,69,920,69,5,53,19.42,8.74),(921,42,921,42,6,93,12.64,5.69),(922,58,922,58,2,6,21.85,9.83),(923,22,923,22,6,43,8.54,3.84),(924,61,924,61,3,39,12.32,5.54),(925,9,925,9,6,45,21.7,9.76),(926,49,926,49,6,69,14.33,6.45),(927,97,927,97,1,60,14.98,6.74),(928,15,928,15,5,58,22.74,10.23),(929,61,929,61,3,82,7.82,3.52),(930,91,930,91,3,29,7.74,3.48),(931,47,931,47,7,66,14.64,6.59),(932,24,932,24,5,64,18.97,8.53),(933,30,933,30,8,1,16.85,7.58),(934,87,934,87,8,50,15.4,6.93),(935,75,935,75,1,40,21.48,9.67),(936,28,936,28,3,73,14.99,6.75),(937,17,937,17,8,75,10.87,4.89),(938,68,938,68,8,73,19.75,8.89),(939,37,939,37,6,35,18.38,8.27),(940,73,940,73,1,50,12.38,5.57),(941,40,941,40,3,64,22.04,9.92),(942,80,942,80,8,54,7.88,3.55),(943,79,943,79,8,53,18.93,8.52),(944,56,944,56,6,24,18.97,8.54),(945,87,945,87,3,16,13.1,5.89),(946,27,946,27,4,38,20.86,9.39),(947,15,947,15,2,74,23.41,10.54),(948,68,948,68,2,39,19.81,8.91),(949,13,949,13,4,60,11.92,5.36),(950,47,950,47,8,86,20.82,9.37),(951,71,951,71,2,82,19.92,8.96),(952,94,952,94,5,32,12.75,5.74),(953,87,953,87,1,32,9.37,4.22),(954,29,954,29,3,15,8.83,3.97),(955,82,955,82,8,39,12.94,5.82),(956,34,956,34,4,91,11.82,5.32),(957,86,957,86,3,20,20.25,9.11),(958,14,958,14,2,44,17.78,8),(959,65,959,65,5,33,7.88,3.55),(960,84,960,84,5,35,9.12,4.1),(961,91,961,91,4,18,19.15,8.62),(962,17,962,17,2,85,14.38,6.47),(963,22,963,22,7,70,16.4,7.38),(964,27,964,27,4,41,17.82,8.02),(965,39,965,39,6,22,9.07,4.08),(966,7,966,7,2,42,16.62,7.48),(967,65,967,65,7,73,6.87,3.09),(968,48,968,48,2,80,8.61,3.88),(969,23,969,23,1,46,18.86,8.48),(970,57,970,57,3,92,16.86,7.59),(971,73,971,73,8,65,19.74,8.88),(972,57,972,57,5,84,9,4.05),(973,38,973,38,2,69,8.91,4.01),(974,63,974,63,6,52,14.28,6.43),(975,96,975,96,1,41,8.77,3.95),(976,1,976,1,5,38,18.66,8.4),(977,88,977,88,3,30,19.32,8.69),(978,23,978,23,3,68,18.75,8.44),(979,70,979,70,1,69,13.16,5.92),(980,91,980,91,6,68,12.39,5.58),(981,20,981,20,6,78,11.92,5.36),(982,47,982,47,1,34,10.46,4.71),(983,100,983,100,7,63,18.28,8.22),(984,45,984,45,8,35,13.12,5.91),(985,86,985,86,5,92,12.84,5.78),(986,29,986,29,6,17,19.35,8.71),(987,91,987,91,7,91,17.15,7.72),(988,13,988,13,2,45,7.59,3.41),(989,6,989,6,8,74,18.59,8.37),(990,57,990,57,1,67,11.81,5.31),(991,48,991,48,4,44,17.5,7.87),(992,41,992,41,1,35,9.62,4.33),(993,19,993,19,2,10,13.91,6.26),(994,44,994,44,5,99,23.13,10.41),(995,19,995,19,5,29,9.96,4.48),(996,53,996,53,4,68,11.84,5.33),(997,14,997,14,4,58,22.02,9.91),(998,97,998,97,7,52,18.93,8.52),(999,44,999,44,1,96,8.77,3.95),(1000,83,1000,83,6,79,15.47,6.96),(1001,1,1,1,1,1,15.63,8);
/*!40000 ALTER TABLE `order` ENABLE KEYS */;
UNLOCK TABLES;

--
-- Table structure for table `person`
--

DROP TABLE IF EXISTS `person`;
/*!40101 SET @saved_cs_client     = @@character_set_client */;
/*!50503 SET character_set_client = utf8mb4 */;
CREATE TABLE `person` (
  `person_id` int NOT NULL AUTO_INCREMENT,
  `person_name` varchar(300) DEFAULT NULL,
  `person_email` varchar(150) DEFAULT NULL,
  `cell` bigint DEFAULT NULL,
  PRIMARY KEY (`person_id`)
) ENGINE=InnoDB AUTO_INCREMENT=206 DEFAULT CHARSET=latin1;
/*!40101 SET character_set_client = @saved_cs_client */;

--
-- Dumping data for table `person`
--

LOCK TABLES `person` WRITE;
/*!40000 ALTER TABLE `person` DISABLE KEYS */;
INSERT INTO `person` VALUES (1,'Keith Turner','shanon08@example.com',9768623560),(2,'Ms. Antonette Keeling','brady73@example.com',9710540609),(3,'Miss Rosanna Connelly','alayna.schowalter@example.net',9436829146),(4,'Noel Emard','icie96@example.org',9166085646),(5,'Trudie McClure Jr.','hwolf@example.net',9831320422),(6,'Dr. Velva Howe','schmidt.stephan@example.org',9401293781),(7,'Colby Stokes','william.predovic@example.net',9595806999),(8,'Rosie Shields V','prosacco.vidal@example.com',9324930770),(9,'Ms. Marlee Spinka Sr.','otilia80@example.com',9670194175),(10,'Skylar Koelpin Jr.','nterry@example.com',9848597984),(11,'Prof. Marquis Sawayn Sr.','mills.hollis@example.com',9888512127),(12,'Isadore Auer IV','wkuvalis@example.org',9787570990),(13,'Candace Koss','kassulke.estevan@example.net',9308906690),(14,'Carey Sawayn','rgreenfelder@example.org',9256868854),(15,'Mr. Dayne Grimes DVM','phaley@example.org',9757688590),(16,'Rosie Brown','ron18@example.net',9633493813),(17,'Kayli Maggio','stroman.arden@example.net',9524209592),(18,'Eddie Osinski','rocio.mann@example.com',9150770929),(19,'Dr. Lia Marks Jr.','kmedhurst@example.com',9800676038),(20,'Baron Feil','harris.angelina@example.com',9863696126),(21,'Lyric Cassin DVM','tkovacek@example.net',9767050989),(22,'Sigmund Torp','auer.everardo@example.net',9690677374),(23,'Rahsaan Collins','macie66@example.org',9634329045),(24,'Ansel Welch','jeff47@example.net',9842908406),(25,'Axel Bins PhD','bruen.merlin@example.net',9148329336),(26,'Frank Leffler','kautzer.ernestine@example.net',9451359352),(27,'Eden Schowalter','montana49@example.com',9918645459),(28,'Eldridge Von','uupton@example.net',9988165013),(29,'Dagmar Kassulke','emilia.bauch@example.com',9213090583),(30,'Ms. Madelyn Gleichner II','hans36@example.net',9383676151),(31,'Lilliana Emard','xnicolas@example.com',9945887810),(32,'Mrs. Cheyanne Keeling','janelle32@example.org',9289654741),(33,'Gabe Cole','jonathan26@example.com',9344083273),(34,'Mr. Gabe Bauch PhD','konopelski.kylee@example.net',9416224204),(35,'Esther Brekke','anna04@example.org',9577172566),(36,'Mrs. Freida Murphy','delmer.wiza@example.com',9837045438),(37,'Kellie Nicolas V','sylvia31@example.org',9235802954),(38,'Blaise Dare','madison95@example.org',9543994427),(39,'Randi Witting IV','hschultz@example.net',9418786674),(40,'Dr. Kacey Gorczany','camron52@example.com',9238976740),(41,'Alexandrine Donnelly','queen.davis@example.org',9403417764),(42,'Adonis Wilkinson','kamryn97@example.org',9969106027),(43,'Mr. Marcelo Breitenberg Sr.','cconn@example.net',9545589550),(44,'Kraig Littel','lubowitz.lorenza@example.com',9801051720),(45,'Althea Shanahan','mraz.danial@example.org',9179524322),(46,'Haylee Hickle','kirlin.della@example.net',9389501779),(47,'Mallory Rolfson','oraynor@example.org',9944432699),(48,'Lelia Tromp','koch.nathen@example.net',9721533567),(49,'Nicolette Leuschke','ervin.homenick@example.org',9943930303),(50,'Dr. Winston Gottlieb DVM','xwill@example.net',9755087308),(51,'Zackery Hermiston','donny20@example.org',9717042066),(52,'Kari Runte','weimann.marshall@example.org',9873383120),(53,'Alena Macejkovic','jesus54@example.org',9826083434),(54,'Braeden Schamberger','wilfred.hickle@example.org',9294415272),(55,'Mariana Schowalter II','zion.koch@example.net',9236157601),(56,'Osvaldo Casper','queen81@example.com',9627646768),(57,'Malika Beatty','yharvey@example.com',9598094832),(58,'Lisa Conroy Jr.','ilueilwitz@example.com',9228064461),(59,'Earl Dare','gwendolyn.gerhold@example.net',9673098021),(60,'Juvenal McLaughlin','ryan.d\'amore@example.org',9246052737),(61,'Prof. Khalil Howe','brady08@example.com',9687594736),(62,'Emanuel Schmitt','althea.koch@example.org',9284770565),(63,'Bianka Larkin','jaylan46@example.net',9641407974),(64,'Samson Hansen','nathaniel.rowe@example.net',9139417942),(65,'Westley Lakin','enrique60@example.org',9743557343),(66,'Mr. Shane Lebsack','fhirthe@example.net',9313519846),(67,'Emelie Goyette','uharris@example.com',9278293617),(68,'Ms. Meredith Gerlach II','rubie.rosenbaum@example.net',9703845293),(69,'Miss Alberta Conroy I','larkin.ernestine@example.org',9403734826),(70,'Elnora Weissnat','wpadberg@example.com',9348642594),(71,'Joey Reichel MD','jerald.skiles@example.org',9120762353),(72,'Ephraim Johnson','kovacek.ryann@example.com',9268160216),(73,'Mrs. Yesenia Hills PhD','rsteuber@example.net',9537042178),(74,'Diana Stroman','alec.lebsack@example.com',9166374642),(75,'Mr. Alfonso Ullrich IV','beer.camren@example.net',9456875969),(76,'Dr. Deon Harber IV','mafalda94@example.org',9279814004),(77,'Angus Steuber V','laverna47@example.com',9392527907),(78,'Mrs. Antoinette Tremblay V','tanner52@example.com',9627926487),(79,'Mr. Alexandre Balistreri','orodriguez@example.org',9410869140),(80,'Seth Russel V','schmidt.waylon@example.org',9319090756),(81,'Mr. Terrell Becker','tyler11@example.org',9519262117),(82,'Viviane Bayer','harrison18@example.net',9427541515),(83,'Mr. Baron Windler I','seth56@example.net',9242394545),(84,'Mrs. Kaitlyn Jacobs Sr.','vhettinger@example.org',9259287865),(85,'Javier Dooley','tillman.jude@example.com',9143324793),(86,'Alvera Kling','germaine.runolfsdottir@example.com',9403386314),(87,'Prof. Kamryn Armstrong','tyrel13@example.org',9163099974),(88,'Alexandrine Berge Sr.','tia55@example.org',9647050394),(89,'Beryl Adams','randall.strosin@example.com',9607795527),(90,'Dr. Buster Parisian IV','nlangworth@example.org',9965444463),(91,'Prof. Hiram Shanahan','mazie.towne@example.org',9452681581),(92,'Joy Macejkovic','mccullough.kenyon@example.org',9999885755),(93,'Stone Kshlerin','peter.cole@example.org',9851384624),(94,'Gladyce Cole','wweber@example.com',9459837816),(95,'Virginia Roob','augustus08@example.net',9734279443),(96,'Prof. Rahul Howe','anita.torphy@example.com',9644683434),(97,'Bryon Heidenreich','judah.keebler@example.org',9968760342),(98,'Prof. Yessenia Batz','percy62@example.com',9328404976),(99,'Emil Monahan','cassin.elvie@example.org',9168018675),(100,'Guillermo Haley','melvin83@example.com',9266256971),(101,'Dr. Xavier Ryan','sbatz@example.net',9290692579),(102,'Dr. Anibal Grady','tmurazik@example.org',9538369344),(103,'Willis Will','chance.leannon@example.com',9336382266),(104,'Myron Mayert','erling.boyle@example.org',9853200718),(105,'Eleonore Kling','billy.mills@example.org',9278446285),(106,'Adrian Orn MD','felipe.osinski@example.net',9299958360),(107,'Mrs. Lavina Will','bhuel@example.net',9468867991),(108,'Easton Buckridge MD','smcdermott@example.org',9303570434),(109,'Peyton Christiansen II','white.sherwood@example.org',9383615879),(110,'Glennie Corkery Sr.','filomena.mayer@example.com',9467683043),(111,'Prof. Nola Homenick V','brennan.sauer@example.net',9318343144),(112,'Arnaldo Raynor IV','eichmann.rashawn@example.com',9836340755),(113,'Fabiola Gusikowski V','mayert.minerva@example.org',9121545851),(114,'Maxie Grady','laney.flatley@example.net',9628920683),(115,'Mr. Sigrid Morissette','hodkiewicz.dean@example.org',9699469427),(116,'Prof. Mayra Schamberger','hnienow@example.net',9606514404),(117,'Elisha O\'Conner','jabbott@example.com',9569544603),(118,'Colt Wyman','kozey.austyn@example.com',9159123982),(119,'Asha Kuhic','kovacek.shea@example.com',9804473835),(120,'Claudie Williamson','vwintheiser@example.org',9790100203),(121,'Eula Rolfson','wruecker@example.org',9742865777),(122,'Prof. Mitchel O\'Kon DVM','tierra46@example.net',9759421993),(123,'Erica Sporer','khickle@example.net',9537817472),(124,'Greta Hodkiewicz V','alexandro02@example.com',9765562675),(125,'Delores Huel','schimmel.ludie@example.net',9976770718),(126,'Kassandra Quigley Sr.','oo\'conner@example.com',9463113682),(127,'Hayley Pfeffer','rhoda36@example.com',9793665395),(128,'Garrett Botsford','jaunita.schmeler@example.com',9868074160),(129,'Marco Zboncak','vlubowitz@example.net',9115868268),(130,'Walton Gutkowski','kelsie92@example.org',9363265672),(131,'Xzavier Hilpert','ysporer@example.com',9803198155),(132,'Dr. Alec Leannon','labadie.karley@example.com',9980582077),(133,'Hobart Miller','mann.antonio@example.com',9135280373),(134,'Ike Parisian','luella.cummerata@example.org',9463566099),(135,'Casey Feil','jdaniel@example.net',9166649183),(136,'Leopoldo Welch','hills.merritt@example.org',9627584754),(137,'Chasity Kiehn','anna.spinka@example.net',9695158064),(138,'Kenya Littel','bradtke.zita@example.org',9385173006),(139,'Prof. Roxanne Wilderman Jr.','joel.olson@example.net',9291456099),(140,'Miss Aubrey Sawayn MD','trippin@example.net',9535890585),(141,'Prof. Nathen Reichert','shanny.upton@example.net',9645155276),(142,'Ms. Kassandra Jacobi','hadley.kunze@example.com',9362461068),(143,'Myrl Goodwin','kub.jameson@example.net',9851877198),(144,'Bill Douglas','hassan61@example.org',9416415238),(145,'Mr. Peter D\'Amore','otha37@example.org',9562685050),(146,'Dr. Keshawn Greenholt PhD','gillian.von@example.net',9692023975),(147,'Ms. Sincere McDermott','eudora.grant@example.com',9417365224),(148,'Prof. Davonte Harvey','fay.simone@example.net',9198585720),(149,'Adeline Ondricka','wroob@example.org',9489869630),(150,'Ms. Opal Fisher IV','ukuvalis@example.net',9304350705),(151,'Dora Douglas','imelda58@example.net',9351442884),(152,'Prof. Gust Schulist','marlin11@example.org',9253008977),(153,'Mr. Jamaal Graham','gkreiger@example.com',9299781232),(154,'Estevan Stamm','dare.aurelie@example.com',9975958279),(155,'Eda Lowe','damian04@example.org',9738082899),(156,'Caitlyn Runolfsdottir','nwilliamson@example.net',9157717821),(157,'Josh Buckridge','ali85@example.org',9214116473),(158,'Amya Cole','rquitzon@example.net',9739257967),(159,'Jammie Bernhard','gayle.hagenes@example.org',9145191828),(160,'Meredith Konopelski','bode.marianne@example.com',9722902908),(161,'Dr. Russ Ullrich','kaylie25@example.org',9496887232),(162,'Miss Amanda Beier IV','haven70@example.com',9979440999),(163,'Everardo VonRueden','vokuneva@example.net',9307513590),(164,'Kyla Dibbert','katherine17@example.com',9397654914),(165,'Dr. Celestino Hegmann','xwaters@example.net',9574385694),(166,'Adella Gutmann','helga34@example.com',9403978574),(167,'Arch Cassin','qmuller@example.net',9691385176),(168,'Candida Gutmann','kuphal.elwyn@example.net',9919339129),(169,'Millie McClure','quitzon.yvonne@example.com',9379344758),(170,'Will Howe','gutmann.novella@example.org',9149480450),(171,'Celine Mertz','hilpert.caden@example.net',9601448593),(172,'Cletus Connelly DVM','romaguera.odessa@example.com',9568191939),(173,'Abel McLaughlin','maximus04@example.com',9596114054),(174,'Marian Kuphal','bkirlin@example.org',9826873637),(175,'Rita Vandervort II','dooley.godfrey@example.net',9820809334),(176,'Leann O\'Kon Sr.','ruthie15@example.org',9521975342),(177,'Maryam Hyatt','miguel74@example.org',9835366363),(178,'Carmella Kulas','hagenes.wilbert@example.net',9280103270),(179,'Royce Ledner II','lbogan@example.org',9511542747),(180,'Araceli Emard','hcassin@example.org',9314707204),(181,'Alexandro Strosin DVM','kathleen.parisian@example.com',9814787976),(182,'Ernestina Blanda','pearl25@example.com',9871777207),(183,'Kelly Kunze','lloyd62@example.com',9462462695),(184,'Bert Miller DVM','zack.littel@example.net',9532493167),(185,'Ima Deckow PhD','o\'keefe.kevon@example.org',9325208962),(186,'Giovanna Huels','nkrajcik@example.net',9352726912),(187,'Kaitlyn Heller','mozell.bechtelar@example.com',9558063000),(188,'Evan Herman Sr.','adolfo.green@example.net',9553259799),(189,'Carroll Hahn','norberto98@example.com',9447842897),(190,'Isaias Shields','stiedemann.chandler@example.net',9775912526),(191,'Mrs. Emmie Nikolaus Sr.','mcdermott.austin@example.com',9203282907),(192,'Audreanne Olson','litzy.prosacco@example.com',9203988422),(193,'Mr. Lawrence McClure','holly.wolff@example.com',9961654066),(194,'Dr. Hester Feil','cartwright.lonzo@example.net',9976085056),(195,'Pearl Gottlieb','katrina.marvin@example.org',9371313181),(196,'Aubrey Kihn','weissnat.annetta@example.com',9615559380),(197,'Odell Graham','thansen@example.net',9891213805),(198,'Thaddeus Nader','rohan.ressie@example.com',9396553983),(199,'Miss Stephany Harris','judge.predovic@example.org',9368433529),(200,'Prof. Erick Daniel','khills@example.com',9755384471),(201,'Dhananjay Arora','darora2@uncc.edu',9802878895),(202,'Dhananjay Arora','darora2@uncc.edu',9802878895),(203,'Dhananjay Arora','darora2@uncc.edu',9802878896),(204,'Dhananjay Arora','darora2@uncc.edu',9802878897),(205,'Akshay Babu','ababu1@uncc.edu',9802820800);
/*!40000 ALTER TABLE `person` ENABLE KEYS */;
UNLOCK TABLES;

--
-- Temporary view structure for view `person_join`
--

DROP TABLE IF EXISTS `person_join`;
/*!50001 DROP VIEW IF EXISTS `person_join`*/;
SET @saved_cs_client     = @@character_set_client;
/*!50503 SET character_set_client = utf8mb4 */;
/*!50001 CREATE VIEW `person_join` AS SELECT 
 1 AS `person_id`,
 1 AS `person_name`,
 1 AS `person_email`,
 1 AS `student_id`,
 1 AS `graduation_year`*/;
SET character_set_client = @saved_cs_client;

--
-- Temporary view structure for view `person_student`
--

DROP TABLE IF EXISTS `person_student`;
/*!50001 DROP VIEW IF EXISTS `person_student`*/;
SET @saved_cs_client     = @@character_set_client;
/*!50503 SET character_set_client = utf8mb4 */;
/*!50001 CREATE VIEW `person_student` AS SELECT 
 1 AS `person_id`,
 1 AS `person_name`,
 1 AS `person_email`,
 1 AS `cell`*/;
SET character_set_client = @saved_cs_client;

--
-- Table structure for table `rating`
--

DROP TABLE IF EXISTS `rating`;
/*!40101 SET @saved_cs_client     = @@character_set_client */;
/*!50503 SET character_set_client = utf8mb4 */;
CREATE TABLE `rating` (
  `rating_id` int NOT NULL AUTO_INCREMENT,
  `order_id` int NOT NULL,
  `overall_experience` int DEFAULT NULL,
  PRIMARY KEY (`rating_id`),
  KEY `fk_rating_order1_idx` (`order_id`),
  CONSTRAINT `order_id_fk` FOREIGN KEY (`order_id`) REFERENCES `order` (`order_id`)
) ENGINE=InnoDB AUTO_INCREMENT=1002 DEFAULT CHARSET=utf8mb4 COLLATE=utf8mb4_0900_ai_ci;
/*!40101 SET character_set_client = @saved_cs_client */;

--
-- Dumping data for table `rating`
--

LOCK TABLES `rating` WRITE;
/*!40000 ALTER TABLE `rating` DISABLE KEYS */;
INSERT INTO `rating` VALUES (1,1,3),(2,2,4),(3,3,5),(4,4,1),(5,5,2),(6,6,5),(7,7,4),(8,8,4),(9,9,3),(10,10,2),(11,11,5),(12,12,3),(13,13,5),(14,14,4),(15,15,5),(16,16,3),(17,17,2),(18,18,5),(19,19,1),(20,20,2),(21,21,3),(22,22,3),(23,23,3),(24,24,4),(25,25,5),(26,26,4),(27,27,5),(28,28,4),(29,29,2),(30,30,4),(31,31,3),(32,32,4),(33,33,4),(34,34,1),(35,35,1),(36,36,2),(37,37,4),(38,38,1),(39,39,2),(40,40,5),(41,41,4),(42,42,1),(43,43,4),(44,44,2),(45,45,4),(46,46,2),(47,47,1),(48,48,2),(49,49,3),(50,50,2),(51,51,5),(52,52,5),(53,53,4),(54,54,3),(55,55,4),(56,56,3),(57,57,4),(58,58,4),(59,59,3),(60,60,2),(61,61,5),(62,62,4),(63,63,5),(64,64,2),(65,65,3),(66,66,4),(67,67,2),(68,68,5),(69,69,4),(70,70,2),(71,71,3),(72,72,4),(73,73,2),(74,74,3),(75,75,1),(76,76,4),(77,77,1),(78,78,2),(79,79,4),(80,80,5),(81,81,3),(82,82,5),(83,83,5),(84,84,4),(85,85,4),(86,86,4),(87,87,2),(88,88,5),(89,89,1),(90,90,5),(91,91,5),(92,92,3),(93,93,3),(94,94,2),(95,95,2),(96,96,2),(97,97,5),(98,98,2),(99,99,1),(100,100,2),(101,101,5),(102,102,4),(103,103,3),(104,104,1),(105,105,2),(106,106,4),(107,107,4),(108,108,2),(109,109,1),(110,110,1),(111,111,3),(112,112,2),(113,113,5),(114,114,2),(115,115,1),(116,116,4),(117,117,3),(118,118,5),(119,119,2),(120,120,2),(121,121,1),(122,122,4),(123,123,5),(124,124,3),(125,125,1),(126,126,4),(127,127,4),(128,128,1),(129,129,3),(130,130,2),(131,131,1),(132,132,4),(133,133,2),(134,134,3),(135,135,5),(136,136,1),(137,137,3),(138,138,5),(139,139,3),(140,140,2),(141,141,5),(142,142,3),(143,143,3),(144,144,2),(145,145,5),(146,146,3),(147,147,1),(148,148,5),(149,149,2),(150,150,1),(151,151,2),(152,152,3),(153,153,4),(154,154,4),(155,155,4),(156,156,5),(157,157,1),(158,158,2),(159,159,3),(160,160,3),(161,161,3),(162,162,2),(163,163,4),(164,164,2),(165,165,5),(166,166,2),(167,167,5),(168,168,3),(169,169,1),(170,170,4),(171,171,1),(172,172,5),(173,173,5),(174,174,4),(175,175,2),(176,176,2),(177,177,1),(178,178,2),(179,179,2),(180,180,2),(181,181,5),(182,182,4),(183,183,3),(184,184,2),(185,185,1),(186,186,5),(187,187,4),(188,188,3),(189,189,1),(190,190,2),(191,191,4),(192,192,5),(193,193,1),(194,194,4),(195,195,4),(196,196,1),(197,197,1),(198,198,3),(199,199,3),(200,200,2),(201,201,1),(202,202,1),(203,203,2),(204,204,2),(205,205,3),(206,206,4),(207,207,3),(208,208,2),(209,209,2),(210,210,3),(211,211,2),(212,212,5),(213,213,1),(214,214,2),(215,215,5),(216,216,3),(217,217,1),(218,218,5),(219,219,5),(220,220,4),(221,221,2),(222,222,1),(223,223,5),(224,224,4),(225,225,4),(226,226,1),(227,227,1),(228,228,4),(229,229,3),(230,230,1),(231,231,2),(232,232,3),(233,233,2),(234,234,2),(235,235,3),(236,236,4),(237,237,5),(238,238,1),(239,239,5),(240,240,5),(241,241,2),(242,242,4),(243,243,1),(244,244,4),(245,245,5),(246,246,3),(247,247,5),(248,248,5),(249,249,3),(250,250,3),(251,251,3),(252,252,5),(253,253,3),(254,254,3),(255,255,1),(256,256,4),(257,257,3),(258,258,1),(259,259,1),(260,260,5),(261,261,1),(262,262,2),(263,263,3),(264,264,1),(265,265,4),(266,266,3),(267,267,2),(268,268,1),(269,269,1),(270,270,2),(271,271,4),(272,272,1),(273,273,1),(274,274,1),(275,275,5),(276,276,5),(277,277,1),(278,278,5),(279,279,2),(280,280,1),(281,281,1),(282,282,4),(283,283,2),(284,284,3),(285,285,4),(286,286,1),(287,287,5),(288,288,1),(289,289,5),(290,290,1),(291,291,2),(292,292,2),(293,293,2),(294,294,2),(295,295,4),(296,296,2),(297,297,3),(298,298,2),(299,299,2),(300,300,4),(301,301,3),(302,302,4),(303,303,1),(304,304,1),(305,305,2),(306,306,1),(307,307,1),(308,308,2),(309,309,4),(310,310,4),(311,311,2),(312,312,1),(313,313,1),(314,314,2),(315,315,2),(316,316,1),(317,317,5),(318,318,3),(319,319,4),(320,320,5),(321,321,3),(322,322,1),(323,323,2),(324,324,4),(325,325,2),(326,326,4),(327,327,1),(328,328,1),(329,329,3),(330,330,2),(331,331,2),(332,332,1),(333,333,5),(334,334,4),(335,335,5),(336,336,1),(337,337,5),(338,338,1),(339,339,4),(340,340,4),(341,341,4),(342,342,1),(343,343,2),(344,344,4),(345,345,1),(346,346,5),(347,347,3),(348,348,2),(349,349,1),(350,350,1),(351,351,3),(352,352,2),(353,353,2),(354,354,4),(355,355,2),(356,356,1),(357,357,3),(358,358,1),(359,359,4),(360,360,4),(361,361,2),(362,362,4),(363,363,5),(364,364,1),(365,365,2),(366,366,2),(367,367,2),(368,368,5),(369,369,4),(370,370,2),(371,371,4),(372,372,2),(373,373,5),(374,374,1),(375,375,5),(376,376,3),(377,377,4),(378,378,3),(379,379,1),(380,380,1),(381,381,4),(382,382,4),(383,383,1),(384,384,5),(385,385,3),(386,386,5),(387,387,1),(388,388,2),(389,389,2),(390,390,3),(391,391,3),(392,392,2),(393,393,1),(394,394,4),(395,395,1),(396,396,3),(397,397,2),(398,398,3),(399,399,3),(400,400,4),(401,401,2),(402,402,3),(403,403,3),(404,404,1),(405,405,4),(406,406,2),(407,407,1),(408,408,5),(409,409,2),(410,410,3),(411,411,4),(412,412,2),(413,413,4),(414,414,1),(415,415,4),(416,416,4),(417,417,5),(418,418,3),(419,419,3),(420,420,2),(421,421,3),(422,422,3),(423,423,4),(424,424,2),(425,425,2),(426,426,3),(427,427,1),(428,428,5),(429,429,5),(430,430,1),(431,431,1),(432,432,4),(433,433,5),(434,434,4),(435,435,3),(436,436,4),(437,437,1),(438,438,5),(439,439,1),(440,440,3),(441,441,5),(442,442,1),(443,443,2),(444,444,1),(445,445,2),(446,446,5),(447,447,2),(448,448,5),(449,449,3),(450,450,2),(451,451,5),(452,452,2),(453,453,5),(454,454,1),(455,455,4),(456,456,1),(457,457,4),(458,458,5),(459,459,5),(460,460,5),(461,461,2),(462,462,5),(463,463,2),(464,464,3),(465,465,2),(466,466,1),(467,467,5),(468,468,1),(469,469,2),(470,470,1),(471,471,1),(472,472,5),(473,473,1),(474,474,2),(475,475,2),(476,476,4),(477,477,5),(478,478,3),(479,479,1),(480,480,1),(481,481,3),(482,482,2),(483,483,4),(484,484,3),(485,485,5),(486,486,3),(487,487,3),(488,488,5),(489,489,3),(490,490,4),(491,491,2),(492,492,2),(493,493,3),(494,494,1),(495,495,1),(496,496,2),(497,497,1),(498,498,5),(499,499,2),(500,500,1),(501,501,4),(502,502,1),(503,503,2),(504,504,1),(505,505,5),(506,506,4),(507,507,1),(508,508,1),(509,509,3),(510,510,1),(511,511,4),(512,512,4),(513,513,5),(514,514,3),(515,515,1),(516,516,5),(517,517,5),(518,518,1),(519,519,1),(520,520,1),(521,521,5),(522,522,5),(523,523,4),(524,524,2),(525,525,2),(526,526,4),(527,527,2),(528,528,2),(529,529,1),(530,530,1),(531,531,4),(532,532,3),(533,533,3),(534,534,5),(535,535,5),(536,536,1),(537,537,3),(538,538,2),(539,539,1),(540,540,5),(541,541,3),(542,542,2),(543,543,1),(544,544,5),(545,545,2),(546,546,2),(547,547,4),(548,548,1),(549,549,1),(550,550,2),(551,551,4),(552,552,1),(553,553,3),(554,554,3),(555,555,3),(556,556,1),(557,557,1),(558,558,4),(559,559,1),(560,560,2),(561,561,2),(562,562,4),(563,563,4),(564,564,2),(565,565,5),(566,566,5),(567,567,2),(568,568,3),(569,569,3),(570,570,3),(571,571,3),(572,572,3),(573,573,4),(574,574,2),(575,575,1),(576,576,5),(577,577,5),(578,578,5),(579,579,3),(580,580,3),(581,581,3),(582,582,1),(583,583,1),(584,584,5),(585,585,5),(586,586,4),(587,587,2),(588,588,2),(589,589,4),(590,590,1),(591,591,3),(592,592,5),(593,593,1),(594,594,5),(595,595,3),(596,596,1),(597,597,1),(598,598,2),(599,599,2),(600,600,3),(601,601,2),(602,602,2),(603,603,4),(604,604,2),(605,605,2),(606,606,4),(607,607,1),(608,608,3),(609,609,5),(610,610,4),(611,611,2),(612,612,3),(613,613,4),(614,614,1),(615,615,1),(616,616,1),(617,617,4),(618,618,5),(619,619,5),(620,620,5),(621,621,1),(622,622,1),(623,623,5),(624,624,2),(625,625,5),(626,626,1),(627,627,5),(628,628,3),(629,629,3),(630,630,1),(631,631,3),(632,632,2),(633,633,5),(634,634,2),(635,635,3),(636,636,3),(637,637,1),(638,638,4),(639,639,3),(640,640,2),(641,641,5),(642,642,5),(643,643,4),(644,644,5),(645,645,3),(646,646,4),(647,647,1),(648,648,2),(649,649,3),(650,650,1),(651,651,3),(652,652,3),(653,653,3),(654,654,1),(655,655,3),(656,656,4),(657,657,4),(658,658,4),(659,659,1),(660,660,3),(661,661,1),(662,662,2),(663,663,1),(664,664,2),(665,665,5),(666,666,4),(667,667,5),(668,668,4),(669,669,4),(670,670,2),(671,671,5),(672,672,1),(673,673,3),(674,674,2),(675,675,5),(676,676,4),(677,677,3),(678,678,2),(679,679,4),(680,680,1),(681,681,3),(682,682,1),(683,683,1),(684,684,4),(685,685,5),(686,686,2),(687,687,1),(688,688,3),(689,689,2),(690,690,5),(691,691,5),(692,692,4),(693,693,3),(694,694,2),(695,695,4),(696,696,1),(697,697,1),(698,698,2),(699,699,1),(700,700,2),(701,701,5),(702,702,1),(703,703,2),(704,704,3),(705,705,4),(706,706,2),(707,707,3),(708,708,4),(709,709,3),(710,710,2),(711,711,5),(712,712,5),(713,713,2),(714,714,5),(715,715,4),(716,716,1),(717,717,1),(718,718,5),(719,719,5),(720,720,3),(721,721,1),(722,722,4),(723,723,1),(724,724,2),(725,725,2),(726,726,5),(727,727,3),(728,728,1),(729,729,1),(730,730,1),(731,731,5),(732,732,3),(733,733,4),(734,734,5),(735,735,4),(736,736,2),(737,737,2),(738,738,2),(739,739,1),(740,740,4),(741,741,3),(742,742,3),(743,743,3),(744,744,2),(745,745,2),(746,746,1),(747,747,2),(748,748,1),(749,749,4),(750,750,1),(751,751,1),(752,752,3),(753,753,1),(754,754,2),(755,755,1),(756,756,1),(757,757,3),(758,758,3),(759,759,1),(760,760,3),(761,761,4),(762,762,1),(763,763,5),(764,764,1),(765,765,4),(766,766,3),(767,767,3),(768,768,2),(769,769,3),(770,770,4),(771,771,5),(772,772,2),(773,773,2),(774,774,4),(775,775,3),(776,776,2),(777,777,3),(778,778,4),(779,779,4),(780,780,2),(781,781,4),(782,782,4),(783,783,2),(784,784,1),(785,785,2),(786,786,3),(787,787,5),(788,788,4),(789,789,1),(790,790,4),(791,791,3),(792,792,4),(793,793,2),(794,794,3),(795,795,5),(796,796,4),(797,797,3),(798,798,5),(799,799,4),(800,800,1),(801,801,1),(802,802,5),(803,803,2),(804,804,4),(805,805,5),(806,806,1),(807,807,2),(808,808,4),(809,809,2),(810,810,1),(811,811,1),(812,812,3),(813,813,1),(814,814,4),(815,815,1),(816,816,2),(817,817,3),(818,818,3),(819,819,2),(820,820,5),(821,821,1),(822,822,2),(823,823,3),(824,824,1),(825,825,4),(826,826,2),(827,827,5),(828,828,1),(829,829,3),(830,830,3),(831,831,3),(832,832,3),(833,833,1),(834,834,4),(835,835,3),(836,836,1),(837,837,2),(838,838,1),(839,839,5),(840,840,3),(841,841,5),(842,842,4),(843,843,3),(844,844,1),(845,845,4),(846,846,1),(847,847,1),(848,848,3),(849,849,3),(850,850,5),(851,851,5),(852,852,5),(853,853,5),(854,854,2),(855,855,1),(856,856,4),(857,857,1),(858,858,1),(859,859,2),(860,860,1),(861,861,5),(862,862,5),(863,863,5),(864,864,2),(865,865,2),(866,866,3),(867,867,1),(868,868,2),(869,869,1),(870,870,4),(871,871,2),(872,872,5),(873,873,2),(874,874,5),(875,875,1),(876,876,5),(877,877,1),(878,878,3),(879,879,5),(880,880,2),(881,881,3),(882,882,2),(883,883,4),(884,884,4),(885,885,3),(886,886,1),(887,887,4),(888,888,3),(889,889,3),(890,890,1),(891,891,2),(892,892,5),(893,893,4),(894,894,5),(895,895,3),(896,896,2),(897,897,2),(898,898,5),(899,899,1),(900,900,5),(901,901,4),(902,902,5),(903,903,2),(904,904,5),(905,905,5),(906,906,5),(907,907,5),(908,908,1),(909,909,2),(910,910,3),(911,911,5),(912,912,4),(913,913,1),(914,914,4),(915,915,2),(916,916,1),(917,917,3),(918,918,3),(919,919,3),(920,920,1),(921,921,1),(922,922,5),(923,923,4),(924,924,3),(925,925,1),(926,926,5),(927,927,2),(928,928,4),(929,929,5),(930,930,3),(931,931,4),(932,932,4),(933,933,4),(934,934,3),(935,935,3),(936,936,4),(937,937,3),(938,938,2),(939,939,3),(940,940,5),(941,941,4),(942,942,2),(943,943,2),(944,944,3),(945,945,5),(946,946,2),(947,947,1),(948,948,1),(949,949,3),(950,950,3),(951,951,1),(952,952,5),(953,953,2),(954,954,5),(955,955,1),(956,956,3),(957,957,3),(958,958,1),(959,959,4),(960,960,4),(961,961,2),(962,962,2),(963,963,3),(964,964,2),(965,965,4),(966,966,5),(967,967,4),(968,968,1),(969,969,4),(970,970,5),(971,971,1),(972,972,2),(973,973,1),(974,974,2),(975,975,2),(976,976,4),(977,977,1),(978,978,3),(979,979,5),(980,980,1),(981,981,3),(982,982,3),(983,983,3),(984,984,2),(985,985,3),(986,986,1),(987,987,1),(988,988,3),(989,989,5),(990,990,4),(991,991,5),(992,992,1),(993,993,3),(994,994,2),(995,995,5),(996,996,1),(997,997,3),(998,998,1),(999,999,2),(1000,1000,3),(1001,1001,5);
/*!40000 ALTER TABLE `rating` ENABLE KEYS */;
UNLOCK TABLES;

--
-- Table structure for table `restaurant`
--

DROP TABLE IF EXISTS `restaurant`;
/*!40101 SET @saved_cs_client     = @@character_set_client */;
/*!50503 SET character_set_client = utf8mb4 */;
CREATE TABLE `restaurant` (
  `restaurant_id` int NOT NULL AUTO_INCREMENT,
  `location` varchar(75) DEFAULT NULL,
  `restaurant_name` varchar(75) DEFAULT NULL,
  `schedule` varchar(75) DEFAULT NULL,
  `website` varchar(75) DEFAULT NULL,
  PRIMARY KEY (`restaurant_id`)
) ENGINE=InnoDB AUTO_INCREMENT=112 DEFAULT CHARSET=latin1;
/*!40101 SET character_set_client = @saved_cs_client */;

--
-- Dumping data for table `restaurant`
--

LOCK TABLES `restaurant` WRITE;
/*!40000 ALTER TABLE `restaurant` DISABLE KEYS */;
INSERT INTO `restaurant` VALUES (1,'5357 Adrianna Shoal Suite 418\nEnochside, OH 46739-1915','Rath Limestone, Inc.','9am -10pm','http://hahn.com/'),(2,'6977 Adams Locks Suite 001\nErikastad, LA 55321-5793','Kerluke-Herman','11am - 11pm','http://wilderman.com/'),(3,'559 Robin Cape\nWest Merl, OH 31271-9957','Berge Inc','11am - 11pm','http://okunevarohan.com/'),(4,'4501 Labadie Via\nLake America, NJ 33290','Hamill, Prohaska and Lehner','10am - 9pm','http://jacobswilderman.info/'),(5,'5587 Fanny Port\nNorth Nigel, NC 05813','Ratke LLC','10am - 9pm','http://www.williamson.org/'),(6,'3906 Wilkinson Street Suite 611\nLake Moisesburgh, DE 83148','Fisher-Rempel','9am -10pm','http://www.lehner.net/'),(7,'459 Labadie Course Suite 026\nNorth Ola, ND 60631','Ryan, Jaskolski and Schinner','10am - 9pm','http://www.schuster.org/'),(8,'630 Block Harbors\nEast Rudolphhaven, LA 44638','Kub, Borer and Ward','11am - 11pm','http://klingprohaska.com/'),(9,'40616 Mante Islands\nSouth Gileschester, MI 75466','O\'Conner-Mraz','9am -10pm','http://www.rosenbaum.com/'),(10,'9015 Velma Junction\nSpencerland, KY 15821-5602','Mayert LLC','9am -10pm','http://www.raynorgoldner.com/'),(11,'48482 Bode Harbors\nPort Modesta, AZ 10082-7993','Grady, Kreiger and Frami','10am - 9pm','http://skiles.com/'),(12,'597 Leora Summit Apt. 714\nEbertbury, WI 48130-6262','Abbott-Schmitt','9am -10pm','http://feil.com/'),(13,'387 Tromp Estates Suite 445\nWest Leopoldshire, NC 80009','Ankunding Group','9am -10pm','http://www.balistreri.info/'),(14,'679 Russel Villages\nConnellyfort, MD 72266','Weber, Lehner and Mueller','9am -10pm','http://mccullough.com/'),(15,'177 Katrina Gateway Apt. 797\nJastport, MN 44988-2805','Connelly, Wolf and Murazik','10am - 9pm','http://mraz.com/'),(16,'3136 Kunde Ports Apt. 399\nLake Trevor, CO 19002','Abernathy, Lehner and Zulauf','10am - 9pm','http://kirlinkulas.com/'),(17,'03334 Blanda Trafficway Suite 568\nFloyfort, OK 34900-7724','Heathcote, Kovacek and Cummerata','9am -10pm','http://glover.biz/'),(18,'031 Milton Bypass Suite 952\nStephonburgh, WY 82916-7389','Hauck, Rodriguez and Cremin','11am - 11pm','http://reynolds.com/'),(19,'375 Alanna Crossroad Suite 259\nNorth Shanna, MN 54873','Hermiston-Purdy','11am - 11pm','http://herzog.com/'),(20,'9359 Marcos Park Apt. 091\nSchmitttown, IL 68853','Smitham-Haley','11am - 11pm','http://quitzonmckenzie.com/'),(21,'215 Shanon Creek\nEast Antonettaview, MN 74167-8029','Cruickshank-Reilly','10am - 9pm','http://rodriguezkshlerin.com/'),(22,'0562 Cassin Divide\nElenorafurt, AR 37048','Eichmann-Casper','10am - 9pm','http://www.farrell.biz/'),(23,'41925 Bosco Station Apt. 238\nSouth Clara, MA 87547-3817','Gorczany, Kuphal and Pouros','9am -10pm','http://www.dare.com/'),(24,'9119 Cummerata Avenue Suite 529\nAbshiremouth, ND 00145-7770','Moen Ltd','9am -10pm','http://www.eichmannhomenick.org/'),(25,'422 Lesch Common Apt. 940\nNew Felicitaborough, IL 21308-3053','Keeling, Maggio and Hirthe','10am - 9pm','http://hermannwalter.info/'),(26,'52787 Ullrich Locks\nReynoldsside, IA 48689-5885','Mraz, Reichel and Hermiston','11am - 11pm','http://www.runolfsdottir.com/'),(27,'1135 Bartell Islands\nLake Philipton, HI 43588-0971','Oberbrunner-Herman','10am - 9pm','http://www.rice.com/'),(28,'8279 Concepcion Center\nHauckshire, AL 83821','Stanton-D\'Amore','9am -10pm','http://nienow.com/'),(29,'283 Nadia Islands\nAudreanneburgh, GA 64125-4442','Waelchi LLC','11am - 11pm','http://www.littel.net/'),(30,'093 Fredrick Spurs\nSouth Shannamouth, RI 24292','Ziemann, Denesik and Kunze','10am - 9pm','http://www.klinghilll.info/'),(31,'3948 Kiehn Forest Apt. 782\nHageneschester, VT 94419','Tromp Ltd','9am -10pm','http://white.com/'),(32,'4652 Maeve Brook\nSouth Corine, WA 21701-5426','Beatty Ltd','11am - 11pm','http://parisian.biz/'),(33,'4863 Becker Spring\nNorth Candelarioburgh, UT 16649-1046','Gutmann LLC','10am - 9pm','http://beahan.net/'),(34,'46083 Mekhi Ridge\nLake Jerrodhaven, VT 38507-5949','Macejkovic Ltd','9am -10pm','http://www.beahan.com/'),(35,'214 Lyric Mission\nPort Meaganview, AR 17033','Rolfson LLC','9am -10pm','http://skiles.com/'),(36,'96083 Konopelski Isle Suite 006\nBruenfort, KY 49444-9497','Marquardt, Reinger and Gusikowski','11am - 11pm','http://www.daniel.com/'),(37,'213 Larkin Coves\nQuintonside, TX 07955','Harber Group','10am - 9pm','http://www.goodwin.biz/'),(38,'0859 Hills Pine Apt. 888\nMyriammouth, NM 69940-8316','Wuckert, Reilly and Wuckert','9am -10pm','http://www.boscokilback.com/'),(39,'67511 Graham Shore\nLaceyland, WI 78493','Kirlin, Gibson and Kovacek','9am -10pm','http://schinner.com/'),(40,'0416 Nyasia Hills\nWest Penelope, MA 56613','Morissette, Kutch and Spinka','11am - 11pm','http://www.smitham.biz/'),(41,'6044 Prohaska Oval\nWillton, MI 09742','Corkery, Kilback and Skiles','10am - 9pm','http://www.schumm.com/'),(42,'0561 Dora Manors Suite 455\nNew Aliamouth, CO 28487-7002','Huels-Considine','11am - 11pm','http://dareboehm.biz/'),(43,'719 Virgil Orchard Apt. 083\nSouth Amalia, KY 78515-9294','Gusikowski, Funk and Rau','10am - 9pm','http://www.johnston.org/'),(44,'8474 Joana Rest\nNorth Kariane, MI 13273-8980','Friesen, Zemlak and Runolfsson','9am -10pm','http://www.schillerstreich.org/'),(45,'85504 Jacky Radial Suite 460\nBeauberg, ND 20689','Hayes-O\'Hara','9am -10pm','http://www.feest.net/'),(46,'791 Lennie Tunnel Apt. 153\nTyreekshire, DC 94328','Sporer, Reinger and Runte','10am - 9pm','http://www.gerhold.com/'),(47,'269 Keeling Forks\nBauchfort, TN 32390-9816','Rutherford, Cummerata and Langosh','10am - 9pm','http://pacocha.net/'),(48,'976 Gislason Heights Suite 926\nChristiansenshire, FL 00995','McGlynn PLC','10am - 9pm','http://langoshmcclure.com/'),(49,'3227 Witting Landing\nFerrystad, WY 43540','Crooks, Corkery and Dickinson','11am - 11pm','http://hudson.com/'),(50,'59694 Ulises Ranch Apt. 292\nRobelhaven, NY 81549','Jenkins-Greenholt','11am - 11pm','http://feil.net/'),(51,'71811 Gertrude Via Suite 007\nSouth Taryn, NV 23967','Waters, Turner and Adams','9am -10pm','http://franeckikuhn.com/'),(52,'09615 Green Shores Suite 103\nJaquanmouth, VA 66615','Hilpert, Von and Frami','11am - 11pm','http://gloverhansen.com/'),(53,'7385 Douglas Rapid\nLake Eusebioberg, NV 04724','Larkin, Lakin and Huel','11am - 11pm','http://www.pfeffer.com/'),(54,'121 Hartmann Falls Apt. 221\nEast Ashleyshire, CT 19450','Cremin Ltd','10am - 9pm','http://davis.com/'),(55,'9775 Victoria Inlet\nWest Clifford, NV 16309-4617','Orn, Kshlerin and Ebert','10am - 9pm','http://www.wisokywilderman.net/'),(56,'983 Macie Squares Apt. 211\nEast Lyda, PA 70725','Keeling-Jaskolski','11am - 11pm','http://doyle.com/'),(57,'801 Strosin Village\nDouglasbury, WY 85892','Kuhn-Kuhn','10am - 9pm','http://www.blick.com/'),(58,'162 Renner Walk\nNew Lexie, IN 72766','Runolfsdottir-Hagenes','9am -10pm','http://hickle.info/'),(59,'207 Berge Turnpike\nNorth Bulah, NY 56382-2747','Bradtke, Johnston and Baumbach','11am - 11pm','http://jones.org/'),(60,'93126 O\'Reilly Stream\nSouth Reneebury, NE 37534','Schulist-Dickinson','9am -10pm','http://www.huels.net/'),(61,'7027 Harold Vista Apt. 309\nSouth Lamarchester, AK 74002','Rath, Lebsack and Hane','10am - 9pm','http://www.sawayn.com/'),(62,'070 Valerie Radial\nLake Geraldine, ID 66048','Botsford Inc','9am -10pm','http://kesslergreenholt.com/'),(63,'83563 Gabe Cliffs Suite 176\nMurraybury, MI 42637-0699','Klocko and Sons','9am -10pm','http://cruickshankhahn.org/'),(64,'65258 Nelle Bypass Apt. 441\nNew Noemie, OR 56221-2401','Greenfelder-Strosin','11am - 11pm','http://www.quitzon.com/'),(65,'392 Terry Common\nReneeburgh, GA 16078-5698','Volkman Group','10am - 9pm','http://hansen.com/'),(66,'58362 Weimann View Apt. 783\nBorertown, IA 93172','Stanton-Marvin','10am - 9pm','http://johns.org/'),(67,'7339 Ziemann Common\nWest Diamondport, NC 14355-1563','Huels, Schamberger and Volkman','9am -10pm','http://www.greenholtlittle.com/'),(68,'172 Daisy Overpass\nFeestbury, MI 69119','Bahringer, Herman and Lebsack','10am - 9pm','http://www.reichert.info/'),(69,'744 Trudie Row Apt. 555\nLake Eduardoport, AL 24252-6634','Von and Sons','9am -10pm','http://www.buckridge.com/'),(70,'0420 Waelchi Ferry\nCedrickberg, KY 95033-5914','Daniel PLC','11am - 11pm','http://www.barton.com/'),(71,'90000 Pinkie Summit\nSouth Ansleyport, NJ 05455','Daniel, Ledner and Keebler','9am -10pm','http://swift.com/'),(72,'267 Kemmer Dam Suite 757\nLake Shanna, ND 06978-8017','Shields-Wehner','9am -10pm','http://maggiowisozk.com/'),(73,'5242 Maymie Prairie\nJosephinechester, CT 08166','Davis-Gottlieb','10am - 9pm','http://kiehn.com/'),(74,'503 Halvorson Roads\nEmilianomouth, WY 48846','Kuhic, DuBuque and Rutherford','10am - 9pm','http://mcdermott.com/'),(75,'61619 White Lock\nKassulkeberg, SD 92407','Miller-Schuppe','9am -10pm','http://langworth.net/'),(76,'2686 Rosina Drives\nLake Irving, WI 93674','Marquardt and Sons','9am -10pm','http://schoen.info/'),(77,'665 Reba Field Suite 259\nAbbieville, HI 45209','Heller-Stoltenberg','10am - 9pm','http://keebler.net/'),(78,'274 Aniyah View\nCorkerybury, NJ 42353-0485','Kub-Bartoletti','10am - 9pm','http://www.walkerschuster.biz/'),(79,'136 Champlin Circles Suite 260\nElmiraburgh, NY 86723','Pollich-Connelly','10am - 9pm','http://quigleyjohns.com/'),(80,'6656 Durgan Glens\nSidneyfort, NY 23527-3946','Predovic Group','11am - 11pm','http://www.mcclure.info/'),(81,'916 Kenna Walks Apt. 224\nDomenichaven, SD 08585','Thiel-Paucek','11am - 11pm','http://www.klein.com/'),(82,'87162 Keven Wall\nNew Amya, GA 23801-4982','Bednar and Sons','10am - 9pm','http://hamill.org/'),(83,'32020 Langworth Way\nJaycefort, MT 55909','Sipes-Carroll','9am -10pm','http://larkin.net/'),(84,'198 Mazie Bypass Apt. 852\nPort Newellland, ID 46813-6856','Kohler-Predovic','10am - 9pm','http://hermiston.com/'),(85,'8170 Orn Pine\nJadonton, MN 06564-1919','Fisher, Yundt and Wiegand','10am - 9pm','http://friesen.com/'),(86,'6809 Kulas Circles Suite 622\nPort Leonieland, KS 31358-9888','Corwin Inc','10am - 9pm','http://turner.com/'),(87,'540 Maximillia Via Suite 247\nNew Christine, OH 16149-9776','Veum PLC','10am - 9pm','http://www.shields.biz/'),(88,'8085 Alvina Isle Apt. 893\nJamisonland, MD 06507','Barrows Group','10am - 9pm','http://www.marquardtschumm.com/'),(89,'7446 Jarrett Plaza\nNew Phoebeview, ME 25224','Kub, Hoeger and Swaniawski','10am - 9pm','http://www.haley.biz/'),(90,'631 Wilkinson Shoal Apt. 785\nMadisynbury, NE 51948','Kerluke-Flatley','11am - 11pm','http://www.waters.net/'),(91,'86467 Kshlerin Point\nHeathcotetown, AZ 27728-4616','Rowe, Pouros and Gutkowski','11am - 11pm','http://gerlach.com/'),(92,'92578 Kylie Trafficway Suite 755\nLake Murphy, GA 78904','Grimes-Sporer','9am -10pm','http://www.osinski.com/'),(93,'72392 Hahn Station Apt. 674\nWest Josianeside, MT 59330-3244','Price-Reinger','11am - 11pm','http://stoltenbergmohr.biz/'),(94,'9329 Vesta Harbors Suite 849\nUllrichchester, DC 53814','Boehm, White and Kilback','9am -10pm','http://www.hillljohnson.com/'),(95,'30248 Eichmann Street Suite 151\nLake Nelson, VT 78923-5543','Conroy-O\'Keefe','10am - 9pm','http://hermiston.org/'),(96,'1070 Green Forks\nSelenaland, VT 70941','Wiegand LLC','9am -10pm','http://www.streich.com/'),(97,'20073 Clyde Ways Suite 898\nWest Dejahchester, GA 59632','Donnelly and Sons','10am - 9pm','http://cummings.net/'),(98,'215 Altenwerth Mall Apt. 621\nDietrichberg, MI 96944','McDermott, Senger and Ferry','10am - 9pm','http://www.collins.net/'),(99,'1105 Liza Shores Apt. 158\nHermannland, GA 62111','Grimes-Lakin','9am -10pm','http://terry.net/'),(100,'88626 Louvenia Fork\nLake Maxiefurt, TN 43522','Mertz Ltd','9am -10pm','http://ortiz.com/'),(101,'Raleigh','Bhomiks Bagels','08AM-09PM','Bagels.com'),(102,'Charlotte','Dustins Doughnuts','08AM-09PM','DusDoughnuts.com'),(103,'Charlotte','Mikes Macaroni','08AM-09PM','MikesMac.com'),(104,'Greensboro','Naomis Noodles','08AM-11pm','NaoNoodles.com');
/*!40000 ALTER TABLE `restaurant` ENABLE KEYS */;
UNLOCK TABLES;
/*!50003 SET @saved_cs_client      = @@character_set_client */ ;
/*!50003 SET @saved_cs_results     = @@character_set_results */ ;
/*!50003 SET @saved_col_connection = @@collation_connection */ ;
/*!50003 SET character_set_client  = utf8mb4 */ ;
/*!50003 SET character_set_results = utf8mb4 */ ;
/*!50003 SET collation_connection  = utf8mb4_0900_ai_ci */ ;
/*!50003 SET @saved_sql_mode       = @@sql_mode */ ;
/*!50003 SET sql_mode              = 'STRICT_TRANS_TABLES,NO_ENGINE_SUBSTITUTION' */ ;
DELIMITER ;;
/*!50003 CREATE*/ /*!50017 DEFINER=`root`@`localhost`*/ /*!50003 TRIGGER `restaurant_after_insert` AFTER INSERT ON `restaurant` FOR EACH ROW BEGIN
    INSERT INTO `Campus_Eats_Fall2020`.`audit_log` (`audit_action`, `audit_details`, `audit_table`, `audit_record_id`) VALUES
    ('INSERT',CONCAT('1 row(s) inserted with Restaurant name - ', NEW.restaurant_name),'restaurant', NEW.restaurant_id);
END */;;
DELIMITER ;
/*!50003 SET sql_mode              = @saved_sql_mode */ ;
/*!50003 SET character_set_client  = @saved_cs_client */ ;
/*!50003 SET character_set_results = @saved_cs_results */ ;
/*!50003 SET collation_connection  = @saved_col_connection */ ;
/*!50003 SET @saved_cs_client      = @@character_set_client */ ;
/*!50003 SET @saved_cs_results     = @@character_set_results */ ;
/*!50003 SET @saved_col_connection = @@collation_connection */ ;
/*!50003 SET character_set_client  = utf8mb4 */ ;
/*!50003 SET character_set_results = utf8mb4 */ ;
/*!50003 SET collation_connection  = utf8mb4_0900_ai_ci */ ;
/*!50003 SET @saved_sql_mode       = @@sql_mode */ ;
/*!50003 SET sql_mode              = 'STRICT_TRANS_TABLES,NO_ENGINE_SUBSTITUTION' */ ;
DELIMITER ;;
/*!50003 CREATE*/ /*!50017 DEFINER=`root`@`localhost`*/ /*!50003 TRIGGER `restaurant_after_update` AFTER UPDATE ON `restaurant` FOR EACH ROW BEGIN
    INSERT INTO `Campus_Eats_Fall2020`.`audit_log` (`audit_action`, `audit_details`, `audit_table`, `audit_record_id`) VALUES
    ('UPDATE',CONCAT('1 row(s) updated with Restaurant name - ', NEW.restaurant_name),'restaurant', NEW.restaurant_id);
END */;;
DELIMITER ;
/*!50003 SET sql_mode              = @saved_sql_mode */ ;
/*!50003 SET character_set_client  = @saved_cs_client */ ;
/*!50003 SET character_set_results = @saved_cs_results */ ;
/*!50003 SET collation_connection  = @saved_col_connection */ ;
/*!50003 SET @saved_cs_client      = @@character_set_client */ ;
/*!50003 SET @saved_cs_results     = @@character_set_results */ ;
/*!50003 SET @saved_col_connection = @@collation_connection */ ;
/*!50003 SET character_set_client  = utf8mb4 */ ;
/*!50003 SET character_set_results = utf8mb4 */ ;
/*!50003 SET collation_connection  = utf8mb4_0900_ai_ci */ ;
/*!50003 SET @saved_sql_mode       = @@sql_mode */ ;
/*!50003 SET sql_mode              = 'STRICT_TRANS_TABLES,NO_ENGINE_SUBSTITUTION' */ ;
DELIMITER ;;
/*!50003 CREATE*/ /*!50017 DEFINER=`root`@`localhost`*/ /*!50003 TRIGGER `restaurant_after_delete` AFTER DELETE ON `restaurant` FOR EACH ROW BEGIN
    INSERT INTO `Campus_Eats_Fall2020`.`audit_log` (`audit_action`, `audit_details`, `audit_table`, `audit_record_id`) VALUES
    ('DELETE',CONCAT('1 row(s) deleted with Restaurant name - ', OLD.restaurant_name),'restaurant', OLD.restaurant_id);
END */;;
DELIMITER ;
/*!50003 SET sql_mode              = @saved_sql_mode */ ;
/*!50003 SET character_set_client  = @saved_cs_client */ ;
/*!50003 SET character_set_results = @saved_cs_results */ ;
/*!50003 SET collation_connection  = @saved_col_connection */ ;

--
-- Temporary view structure for view `restaurant_and_driver_stats`
--

DROP TABLE IF EXISTS `restaurant_and_driver_stats`;
/*!50001 DROP VIEW IF EXISTS `restaurant_and_driver_stats`*/;
SET @saved_cs_client     = @@character_set_client;
/*!50503 SET character_set_client = utf8mb4 */;
/*!50001 CREATE VIEW `restaurant_and_driver_stats` AS SELECT 
 1 AS `restaurant_id`,
 1 AS `restaurant_name`,
 1 AS `order_count`,
 1 AS `avg_overall_experience`,
 1 AS `max_restaurant_rating`,
 1 AS `min_restaurant_rating`,
 1 AS `avg_restaurant_rating`,
 1 AS `driver_count`,
 1 AS `avg_driver_rating`*/;
SET character_set_client = @saved_cs_client;

--
-- Table structure for table `restaurant_rating`
--

DROP TABLE IF EXISTS `restaurant_rating`;
/*!40101 SET @saved_cs_client     = @@character_set_client */;
/*!50503 SET character_set_client = utf8mb4 */;
CREATE TABLE `restaurant_rating` (
  `rating_id` int NOT NULL,
  `food_quality` int NOT NULL,
  `food_temperature` int NOT NULL,
  `order_correct` tinyint(1) NOT NULL,
  `restaurant_comment` varchar(255) DEFAULT NULL,
  PRIMARY KEY (`rating_id`),
  KEY `rating_id_idx` (`rating_id`),
  CONSTRAINT `rating_id_fk1` FOREIGN KEY (`rating_id`) REFERENCES `rating` (`rating_id`)
) ENGINE=InnoDB DEFAULT CHARSET=utf8mb4 COLLATE=utf8mb4_0900_ai_ci;
/*!40101 SET character_set_client = @saved_cs_client */;

--
-- Dumping data for table `restaurant_rating`
--

LOCK TABLES `restaurant_rating` WRITE;
/*!40000 ALTER TABLE `restaurant_rating` DISABLE KEYS */;
INSERT INTO `restaurant_rating` VALUES (1,4,4,0,'nulla. Integer urna. Vivamus molestie dapibus ligula. Aliquam erat volutpat. Nulla dignissim. Maecenas ornare egestas ligula. Nullam feugiat placerat velit. Quisque varius. Nam'),(2,5,3,1,'vitae aliquam eros turpis non enim. Mauris quis turpis vitae purus gravida sagittis. Duis gravida. Praesent eu nulla at sem molestie sodales. Mauris blandit enim consequat purus. Maecenas libero est,'),(3,5,4,0,'conubia nostra, per inceptos hymenaeos. Mauris ut quam vel sapien imperdiet ornare. In'),(4,1,1,0,'Sed congue, elit sed consequat auctor,'),(5,3,4,0,'a ultricies adipiscing, enim mi tempor lorem, eget mollis lectus pede et risus. Quisque libero lacus, varius et, euismod et,'),(6,1,3,0,'Maecenas iaculis aliquet diam. Sed diam lorem, auctor quis, tristique ac, eleifend vitae, erat. Vivamus nisi. Mauris nulla. Integer urna. Vivamus molestie dapibus ligula. Aliquam erat'),(7,4,3,1,'Cum sociis natoque penatibus et magnis dis parturient montes, nascetur ridiculus mus. Donec dignissim magna a tortor. Nunc commodo auctor velit. Aliquam nisl. Nulla eu neque pellentesque massa'),(8,3,5,0,'odio. Nam interdum enim non nisi. Aenean eget metus. In nec orci. Donec nibh. Quisque nonummy ipsum non arcu. Vivamus'),(9,1,3,1,'Mauris nulla. Integer urna. Vivamus molestie dapibus ligula. Aliquam erat volutpat. Nulla dignissim. Maecenas ornare egestas ligula. Nullam feugiat placerat velit. Quisque varius. Nam porttitor scelerisque neque. Nullam'),(10,4,4,0,'sem semper erat, in consectetuer ipsum nunc id enim. Curabitur massa. Vestibulum accumsan neque et nunc. Quisque ornare'),(11,4,2,0,'ultricies adipiscing, enim mi tempor lorem, eget mollis lectus pede et risus. Quisque libero lacus,'),(12,5,4,0,'nunc est, mollis non,'),(13,2,5,0,'libero. Proin mi. Aliquam gravida mauris ut mi. Duis risus odio, auctor vitae,'),(14,5,3,0,'sagittis augue, eu tempor erat neque non quam. Pellentesque habitant morbi tristique senectus et netus et malesuada fames ac turpis egestas. Aliquam fringilla cursus purus. Nullam scelerisque neque sed sem'),(15,5,5,0,'purus, in molestie tortor nibh sit amet orci. Ut sagittis lobortis mauris. Suspendisse aliquet molestie tellus. Aenean egestas'),(16,2,1,0,'vitae semper egestas, urna justo faucibus lectus, a sollicitudin orci sem eget massa. Suspendisse eleifend. Cras sed leo. Cras vehicula aliquet libero. Integer in magna. Phasellus'),(17,3,1,1,'arcu. Curabitur ut odio vel est tempor bibendum. Donec felis orci, adipiscing non, luctus sit amet, faucibus ut, nulla. Cras eu tellus eu augue porttitor interdum. Sed auctor odio'),(18,4,4,0,'Fusce aliquam, enim nec tempus scelerisque, lorem ipsum sodales purus, in'),(19,5,2,1,'egestas, urna justo faucibus lectus, a sollicitudin orci sem eget massa. Suspendisse eleifend. Cras sed leo. Cras vehicula aliquet libero. Integer in magna. Phasellus dolor elit, pellentesque a, facilisis non,'),(20,2,1,1,'metus. In'),(21,2,1,0,'egestas a, scelerisque sed, sapien. Nunc pulvinar arcu et pede. Nunc sed orci lobortis augue scelerisque mollis. Phasellus libero mauris, aliquam eu, accumsan sed, facilisis'),(22,5,1,0,'non, sollicitudin a, malesuada id, erat. Etiam vestibulum massa rutrum magna. Cras convallis convallis'),(23,1,3,1,'ullamcorper. Duis cursus, diam'),(24,4,1,0,'dui lectus rutrum urna, nec luctus felis purus ac tellus. Suspendisse sed dolor. Fusce mi lorem, vehicula et, rutrum eu, ultrices sit amet, risus. Donec nibh enim, gravida sit'),(25,2,2,1,'Donec dignissim magna a tortor. Nunc commodo auctor'),(26,5,1,1,'in faucibus orci luctus et ultrices'),(27,2,3,1,'in sodales elit erat vitae risus. Duis a mi fringilla mi lacinia mattis. Integer eu lacus. Quisque imperdiet, erat nonummy ultricies ornare, elit'),(28,4,2,0,'Quisque fringilla euismod enim. Etiam gravida molestie arcu. Sed eu nibh vulputate mauris'),(29,2,1,1,'bibendum fermentum metus. Aenean sed pede'),(30,5,5,1,'ac metus vitae velit egestas lacinia. Sed congue,'),(31,1,2,1,'lorem. Donec elementum, lorem ut aliquam'),(32,1,5,1,'nibh lacinia orci, consectetuer euismod est arcu ac orci. Ut semper pretium neque. Morbi quis urna. Nunc quis arcu vel quam dignissim'),(33,5,2,0,'lorem eu metus. In lorem. Donec elementum, lorem ut aliquam iaculis,'),(34,1,2,0,'at fringilla purus mauris a nunc. In at pede. Cras vulputate velit eu sem. Pellentesque ut ipsum ac mi eleifend egestas. Sed pharetra, felis'),(35,2,3,0,'vitae mauris sit amet lorem semper auctor. Mauris vel turpis. Aliquam adipiscing lobortis risus. In mi pede, nonummy'),(36,3,3,0,'risus quis diam luctus lobortis. Class aptent taciti sociosqu ad litora torquent per conubia nostra, per inceptos hymenaeos. Mauris ut quam'),(37,2,1,1,'lorem'),(38,1,1,0,'pellentesque massa lobortis ultrices. Vivamus rhoncus. Donec est. Nunc ullamcorper, velit in aliquet lobortis, nisi nibh lacinia orci, consectetuer'),(39,2,1,0,'Maecenas ornare egestas ligula. Nullam feugiat placerat velit. Quisque varius. Nam porttitor scelerisque neque. Nullam nisl. Maecenas malesuada fringilla est. Mauris eu turpis.'),(40,2,4,1,'facilisi. Sed'),(41,2,1,1,'Ut tincidunt vehicula risus. Nulla eget metus eu erat semper rutrum. Fusce dolor quam, elementum at, egestas a, scelerisque'),(42,5,3,1,'dolor. Fusce mi lorem, vehicula et, rutrum eu, ultrices sit amet, risus. Donec nibh enim, gravida sit amet, dapibus id, blandit at, nisi. Cum sociis natoque penatibus et'),(43,2,5,1,'Integer id magna et ipsum cursus vestibulum. Mauris magna. Duis dignissim tempor arcu. Vestibulum ut eros non enim commodo hendrerit. Donec porttitor tellus non magna. Nam ligula elit,'),(44,1,5,1,'lectus pede et risus. Quisque libero lacus, varius et, euismod et, commodo at, libero. Morbi accumsan laoreet ipsum. Curabitur consequat, lectus'),(45,1,5,1,'erat eget ipsum. Suspendisse sagittis. Nullam vitae diam. Proin dolor. Nulla semper tellus id nunc interdum feugiat. Sed nec'),(46,5,5,1,'blandit at, nisi. Cum sociis natoque penatibus et magnis dis parturient montes, nascetur ridiculus mus. Proin vel nisl. Quisque fringilla euismod enim. Etiam gravida molestie arcu. Sed eu nibh'),(47,2,4,0,'nec, imperdiet nec, leo. Morbi neque tellus, imperdiet non, vestibulum nec, euismod in, dolor. Fusce feugiat. Lorem ipsum dolor sit amet, consectetuer adipiscing elit. Aliquam auctor, velit eget laoreet'),(48,3,3,1,'eleifend egestas. Sed pharetra, felis eget varius ultrices, mauris ipsum porta elit, a feugiat tellus lorem'),(49,4,1,1,'consequat enim diam vel arcu. Curabitur ut odio vel est tempor bibendum. Donec felis orci, adipiscing non, luctus sit amet, faucibus ut, nulla. Cras eu tellus eu augue porttitor interdum.'),(50,5,1,0,'ornare. In faucibus. Morbi vehicula. Pellentesque tincidunt tempus risus. Donec egestas. Duis ac arcu. Nunc mauris. Morbi non sapien molestie orci tincidunt adipiscing. Mauris molestie pharetra'),(51,5,2,1,'nisi. Aenean eget metus. In nec orci. Donec nibh. Quisque nonummy ipsum non arcu. Vivamus'),(52,2,4,1,'eu turpis. Nulla aliquet. Proin velit. Sed'),(53,4,5,0,'laoreet lectus quis massa. Mauris vestibulum, neque sed dictum eleifend, nunc risus varius orci, in consequat enim diam vel arcu. Curabitur ut odio vel est'),(54,2,2,0,'sodales. Mauris blandit enim consequat purus. Maecenas libero est, congue a, aliquet vel, vulputate eu, odio. Phasellus at augue id ante dictum cursus. Nunc mauris elit, dictum eu, eleifend nec,'),(55,1,1,0,'Lorem ipsum dolor sit amet, consectetuer adipiscing elit. Etiam laoreet, libero et tristique pellentesque, tellus'),(56,3,5,1,'magna. Lorem ipsum dolor sit amet, consectetuer adipiscing elit. Etiam laoreet, libero et tristique pellentesque, tellus sem mollis dui, in sodales elit erat vitae risus. Duis a mi'),(57,3,3,1,'mauris sagittis placerat. Cras dictum ultricies ligula. Nullam enim. Sed nulla ante, iaculis nec, eleifend non, dapibus rutrum, justo. Praesent luctus. Curabitur egestas'),(58,5,2,0,'blandit at, nisi. Cum sociis natoque penatibus et magnis dis'),(59,4,5,1,'ipsum. Curabitur consequat,'),(60,5,5,0,'a, arcu. Sed et libero. Proin mi. Aliquam gravida mauris ut mi. Duis risus odio, auctor vitae, aliquet nec, imperdiet nec, leo. Morbi'),(61,4,2,0,'semper auctor. Mauris vel turpis. Aliquam adipiscing lobortis risus. In mi pede, nonummy ut, molestie in, tempus eu, ligula. Aenean euismod mauris eu elit.'),(62,2,1,0,'leo. Vivamus nibh dolor, nonummy ac, feugiat non, lobortis quis, pede. Suspendisse dui. Fusce diam nunc, ullamcorper eu, euismod ac, fermentum'),(63,1,2,1,'ut,'),(64,1,4,0,'rhoncus. Nullam velit dui, semper et,'),(65,3,4,0,'interdum feugiat. Sed nec metus facilisis lorem tristique aliquet. Phasellus fermentum convallis ligula. Donec luctus aliquet odio. Etiam ligula'),(66,1,5,1,'dignissim tempor arcu. Vestibulum ut eros non'),(67,3,5,1,'Morbi metus. Vivamus euismod urna. Nullam lobortis quam a felis ullamcorper viverra. Maecenas iaculis aliquet diam. Sed diam lorem, auctor quis, tristique'),(68,2,5,0,'vitae, aliquet nec, imperdiet nec, leo. Morbi neque tellus, imperdiet non, vestibulum nec, euismod in, dolor. Fusce feugiat. Lorem ipsum dolor sit amet, consectetuer adipiscing elit.'),(69,3,5,0,'Suspendisse commodo'),(70,2,5,1,'et ipsum cursus vestibulum. Mauris magna. Duis dignissim tempor arcu. Vestibulum ut eros non enim commodo hendrerit. Donec porttitor tellus non'),(71,3,4,0,'Curabitur sed tortor. Integer aliquam adipiscing lacus. Ut nec urna et arcu imperdiet ullamcorper. Duis at lacus.'),(72,3,4,1,'Suspendisse ac metus vitae velit egestas lacinia. Sed congue, elit sed consequat auctor, nunc nulla vulputate dui, nec tempus mauris erat eget ipsum. Suspendisse sagittis. Nullam'),(73,4,1,0,'nec,'),(74,4,4,0,'nisi sem semper erat, in consectetuer ipsum nunc id'),(75,5,1,0,'Quisque'),(76,1,4,0,'nec, cursus a, enim. Suspendisse aliquet, sem ut cursus luctus, ipsum leo'),(77,4,4,0,'sit amet orci. Ut sagittis lobortis mauris. Suspendisse aliquet molestie tellus. Aenean egestas hendrerit neque. In ornare sagittis felis.'),(78,3,5,0,'neque.'),(79,1,3,1,'Maecenas ornare egestas ligula. Nullam feugiat placerat velit. Quisque varius. Nam porttitor scelerisque neque. Nullam nisl. Maecenas malesuada fringilla est. Mauris eu turpis. Nulla aliquet. Proin velit.'),(80,3,1,1,'imperdiet non, vestibulum nec, euismod in, dolor. Fusce feugiat. Lorem ipsum dolor sit'),(81,3,4,0,'arcu. Nunc mauris.'),(82,4,3,0,'Quisque tincidunt pede ac urna. Ut'),(83,3,2,0,'ac nulla. In tincidunt congue turpis. In condimentum.'),(84,1,5,1,'lacus. Etiam'),(85,3,4,0,'Aliquam gravida mauris ut mi. Duis risus odio, auctor vitae, aliquet nec, imperdiet nec, leo. Morbi neque tellus, imperdiet non, vestibulum nec, euismod in, dolor. Fusce feugiat.'),(86,4,3,0,'ac facilisis facilisis, magna tellus'),(87,4,1,1,'adipiscing non, luctus sit amet, faucibus ut, nulla. Cras eu tellus eu augue porttitor interdum. Sed auctor odio'),(88,4,1,1,'In scelerisque scelerisque dui. Suspendisse ac metus vitae velit egestas lacinia. Sed congue, elit sed consequat auctor, nunc nulla vulputate dui, nec tempus mauris'),(89,1,4,0,'cursus purus. Nullam scelerisque neque sed sem egestas blandit. Nam nulla magna, malesuada vel, convallis in, cursus et, eros. Proin ultrices. Duis volutpat nunc sit amet'),(90,5,4,1,'lacus. Aliquam rutrum lorem ac risus. Morbi metus. Vivamus euismod urna. Nullam lobortis quam a felis ullamcorper viverra. Maecenas iaculis aliquet diam. Sed diam'),(91,3,2,1,'risus, at fringilla purus mauris a nunc. In at pede. Cras'),(92,5,4,0,'metus sit amet ante. Vivamus non'),(93,1,2,0,'molestie pharetra nibh. Aliquam ornare, libero at auctor ullamcorper, nisl arcu iaculis enim, sit amet ornare lectus justo eu arcu. Morbi sit amet massa. Quisque porttitor eros'),(94,5,3,0,'rhoncus. Nullam velit dui, semper et, lacinia vitae, sodales at, velit. Pellentesque ultricies dignissim lacus. Aliquam rutrum lorem ac risus. Morbi metus. Vivamus euismod'),(95,2,2,1,'a odio semper cursus. Integer mollis. Integer tincidunt aliquam arcu. Aliquam ultrices iaculis odio. Nam interdum enim non nisi. Aenean eget metus. In nec orci. Donec nibh.'),(96,2,2,0,'dictum augue malesuada malesuada. Integer id magna et ipsum cursus vestibulum. Mauris magna. Duis dignissim tempor arcu. Vestibulum ut eros'),(97,5,4,0,'Nulla facilisi. Sed neque. Sed eget lacus. Mauris non dui nec'),(98,5,2,1,'ligula consectetuer rhoncus. Nullam velit dui, semper et, lacinia vitae, sodales at,'),(99,1,1,0,'at arcu. Vestibulum ante ipsum primis in faucibus orci luctus et ultrices posuere cubilia Curae; Donec tincidunt. Donec vitae erat vel pede'),(100,5,5,0,'tincidunt. Donec vitae erat vel pede blandit congue. In scelerisque scelerisque dui. Suspendisse ac'),(101,5,5,0,'Ut tincidunt orci'),(102,4,4,0,'tristique ac, eleifend'),(103,3,4,1,'sed, sapien. Nunc'),(104,3,5,1,'Vivamus sit amet'),(105,2,1,0,'lobortis quis, pede.'),(106,1,4,0,'sociis natoque penatibus'),(107,3,4,0,'sed, facilisis vitae,'),(108,2,3,0,'tortor. Nunc commodo'),(109,2,1,1,'magna. Praesent interdum'),(110,3,3,1,'eget, ipsum. Donec'),(111,3,1,1,'vel, faucibus id,'),(112,5,1,1,'eleifend, nunc risus'),(113,5,2,1,'et malesuada fames'),(114,1,1,1,'Integer aliquam adipiscing'),(115,5,5,0,'amet ante. Vivamus'),(116,1,4,1,'sem elit, pharetra'),(117,3,3,1,'orci lacus vestibulum'),(118,1,2,0,'id, blandit at,'),(119,4,1,1,'Vivamus sit amet'),(120,2,3,1,'vulputate, nisi sem'),(121,5,5,1,'Curabitur consequat, lectus'),(122,5,1,1,'dui. Suspendisse ac'),(123,2,4,1,'Integer mollis. Integer'),(124,1,5,1,'Sed neque. Sed'),(125,3,3,1,'luctus ut, pellentesque'),(126,5,5,0,'et libero. Proin'),(127,3,3,0,'nec mauris blandit'),(128,3,5,1,'Aliquam nec enim.'),(129,2,4,1,'tincidunt orci quis'),(130,3,4,1,'auctor velit. Aliquam'),(131,5,2,1,'nec tempus mauris'),(132,2,5,1,'Vivamus nisi. Mauris'),(133,2,3,1,'ante dictum mi,'),(134,5,3,1,'augue ac ipsum.'),(135,2,2,0,'odio vel est'),(136,5,3,0,'at arcu. Vestibulum'),(137,5,4,1,'tellus. Phasellus elit'),(138,3,5,0,'odio vel est'),(139,4,1,1,'pretium aliquet, metus'),(140,5,3,1,'non enim commodo'),(141,4,4,1,'lorem, sit amet'),(142,5,5,0,'Cum sociis natoque'),(143,1,5,0,'ornare, libero at'),(144,3,2,1,'a, aliquet vel,'),(145,1,5,1,'diam nunc, ullamcorper'),(146,5,1,1,'molestie arcu. Sed'),(147,3,2,0,'nibh. Donec est'),(148,3,4,1,'auctor ullamcorper, nisl'),(149,3,4,1,'quam, elementum at,'),(150,2,1,0,'faucibus ut, nulla.'),(151,5,4,0,'dolor vitae dolor.'),(152,4,1,0,'in, cursus et,'),(153,5,2,0,'nisl arcu iaculis'),(154,2,4,0,'felis. Nulla tempor'),(155,3,3,1,'ut lacus. Nulla'),(156,1,1,1,'pede ac urna.'),(157,2,4,1,'Aliquam auctor, velit'),(158,3,5,0,'pellentesque a, facilisis'),(159,5,5,1,'risus a ultricies'),(160,4,4,1,'dolor vitae dolor.'),(161,3,1,1,'vestibulum. Mauris magna.'),(162,1,3,1,'placerat. Cras dictum'),(163,3,1,1,'eleifend non, dapibus'),(164,5,4,1,'ac mi eleifend'),(165,3,5,0,'augue eu tellus.'),(166,5,5,1,'Mauris magna. Duis'),(167,5,5,1,'malesuada vel, venenatis'),(168,1,1,0,'elit pede, malesuada'),(169,3,2,1,'dignissim. Maecenas ornare'),(170,2,5,1,'In ornare sagittis'),(171,5,3,0,'metus. Vivamus euismod'),(172,5,5,0,'massa non ante'),(173,5,5,0,'mattis ornare, lectus'),(174,1,4,0,'vel turpis. Aliquam'),(175,4,3,1,'augue eu tellus.'),(176,2,2,0,'Mauris eu turpis.'),(177,2,3,1,'dis parturient montes,'),(178,1,1,0,'mollis vitae, posuere'),(179,4,5,1,'fringilla purus mauris'),(180,4,2,0,'facilisis eget, ipsum.'),(181,2,5,1,'eget magna. Suspendisse'),(182,4,3,1,'Integer in magna.'),(183,4,3,0,'massa. Quisque porttitor'),(184,3,5,0,'velit. Cras lorem'),(185,5,2,0,'Suspendisse dui. Fusce'),(186,3,2,0,'magna a tortor.'),(187,2,5,0,'scelerisque neque. Nullam'),(188,4,5,1,'Nunc ut erat.'),(189,4,1,0,'orci lobortis augue'),(190,3,3,1,'eu turpis. Nulla'),(191,1,5,1,'Curabitur massa. Vestibulum'),(192,2,2,0,'tellus faucibus leo,'),(193,3,4,0,'Nullam feugiat placerat'),(194,4,5,1,'nibh sit amet'),(195,3,2,1,'fringilla, porttitor vulputate,'),(196,5,2,0,'tellus. Aenean egestas'),(197,5,3,0,'mauris erat eget'),(198,3,4,1,'arcu. Sed eu'),(199,1,2,1,'arcu. Aliquam ultrices'),(200,1,5,0,'tristique senectus et'),(201,5,4,1,'pharetra. Nam ac'),(202,3,2,1,'non leo. Vivamus'),(203,3,3,1,'convallis convallis dolor.'),(204,4,5,1,'auctor quis, tristique'),(205,1,5,1,'et arcu imperdiet'),(206,3,4,0,'parturient montes, nascetur'),(207,4,2,0,'aliquet diam. Sed'),(208,4,5,1,'cursus a, enim.'),(209,4,1,1,'eget magna. Suspendisse'),(210,2,1,0,'tortor at risus.'),(211,3,3,0,'pretium neque. Morbi'),(212,2,4,0,'ultrices iaculis odio.'),(213,5,2,1,'Praesent luctus. Curabitur'),(214,3,2,0,'tortor at risus.'),(215,2,4,1,'ridiculus mus. Aenean'),(216,4,3,0,'enim, condimentum eget,'),(217,3,1,1,'feugiat tellus lorem'),(218,4,3,0,'urna convallis erat,'),(219,4,5,0,'parturient montes, nascetur'),(220,3,2,1,'eros turpis non'),(221,5,1,0,'natoque penatibus et'),(222,1,5,1,'facilisis vitae, orci.'),(223,1,4,1,'nulla magna, malesuada'),(224,4,1,0,'non magna. Nam'),(225,4,5,1,'in consequat enim'),(226,1,3,1,'eget metus eu'),(227,4,1,0,'nec, leo. Morbi'),(228,4,5,0,'luctus felis purus'),(229,2,5,0,'Aliquam fringilla cursus'),(230,5,1,1,'vitae mauris sit'),(231,1,3,0,'luctus ut, pellentesque'),(232,3,5,0,'vulputate eu, odio.'),(233,3,3,1,'vel quam dignissim'),(234,4,3,1,'gravida sit amet,'),(235,4,2,0,'dictum. Proin eget'),(236,5,2,1,'in faucibus orci'),(237,4,2,0,'tempor diam dictum'),(238,3,1,0,'eleifend egestas. Sed'),(239,5,3,0,'Cras vulputate velit'),(240,1,4,0,'ligula. Nullam feugiat'),(241,4,1,1,'Suspendisse tristique neque'),(242,3,2,0,'cursus purus. Nullam'),(243,2,5,0,'vitae diam. Proin'),(244,4,5,1,'pellentesque massa lobortis'),(245,4,2,0,'nec, mollis vitae,'),(246,5,2,1,'risus. Nunc ac'),(247,4,4,0,'sem magna nec'),(248,2,2,1,'nunc risus varius'),(249,1,4,1,'nunc ac mattis'),(250,2,3,0,'aliquet magna a'),(251,2,3,0,'lectus, a sollicitudin'),(252,3,4,0,'amet, risus. Donec'),(253,5,1,1,'cursus et, magna.'),(254,5,3,0,'nisi. Mauris nulla.'),(255,1,2,0,'odio, auctor vitae,'),(256,2,2,0,'massa. Quisque porttitor'),(257,4,1,1,'Nunc mauris elit,'),(258,5,2,0,'imperdiet ornare. In'),(259,1,2,1,'arcu. Vivamus sit'),(260,5,2,0,'nisl elementum purus,'),(261,2,1,1,'Nam ligula elit,'),(262,5,4,1,'purus mauris a'),(263,2,2,1,'dolor elit, pellentesque'),(264,4,5,0,'consectetuer, cursus et,'),(265,5,1,0,'elementum purus, accumsan'),(266,1,2,0,'dui augue eu'),(267,3,2,1,'lectus quis massa.'),(268,2,2,0,'placerat eget, venenatis'),(269,3,5,1,'Maecenas malesuada fringilla'),(270,4,1,1,'ultrices a, auctor'),(271,5,3,0,'sed pede nec'),(272,2,3,0,'Cum sociis natoque'),(273,4,2,1,'quis diam. Pellentesque'),(274,1,2,0,'iaculis odio. Nam'),(275,1,2,1,'volutpat. Nulla dignissim.'),(276,1,3,0,'montes, nascetur ridiculus'),(277,4,2,1,'Fusce mollis. Duis'),(278,5,1,1,'aliquet nec, imperdiet'),(279,5,5,1,'a, scelerisque sed,'),(280,3,1,1,'neque venenatis lacus.'),(281,1,3,1,'gravida molestie arcu.'),(282,4,2,1,'Suspendisse sed dolor.'),(283,3,2,0,'ultrices posuere cubilia'),(284,1,4,0,'elit. Etiam laoreet,'),(285,2,5,1,'arcu. Morbi sit'),(286,4,2,0,'egestas lacinia. Sed'),(287,3,2,1,'est. Nunc laoreet'),(288,1,5,0,'elementum, dui quis'),(289,1,2,1,'Maecenas malesuada fringilla'),(290,2,5,0,'scelerisque dui. Suspendisse'),(291,2,1,1,'Aenean eget magna.'),(292,2,3,1,'et pede. Nunc'),(293,1,3,1,'ac tellus. Suspendisse'),(294,5,4,1,'interdum. Curabitur dictum.'),(295,4,3,0,'ante ipsum primis'),(296,3,5,1,'orci. Ut semper'),(297,4,1,1,'bibendum. Donec felis'),(298,2,3,1,'luctus aliquet odio.'),(299,3,2,1,'cursus, diam at'),(300,2,5,1,'ligula eu enim.'),(301,5,3,0,'blandit. Nam nulla'),(302,4,1,0,'ultricies adipiscing, enim'),(303,4,5,0,'est tempor bibendum.'),(304,2,5,0,'interdum libero dui'),(305,1,3,1,'non, feugiat nec,'),(306,1,4,0,'Proin vel nisl.'),(307,4,1,1,'tincidunt, neque vitae'),(308,4,3,1,'interdum. Sed auctor'),(309,3,3,1,'Proin dolor. Nulla'),(310,2,3,0,'aliquet. Phasellus fermentum'),(311,5,5,1,'Quisque tincidunt pede'),(312,2,1,1,'quis urna. Nunc'),(313,1,1,0,'fringilla mi lacinia'),(314,2,2,0,'porta elit, a'),(315,1,5,0,'metus. Aliquam erat'),(316,5,2,0,'Duis mi enim,'),(317,3,1,1,'ut lacus. Nulla'),(318,5,4,1,'Maecenas malesuada fringilla'),(319,2,4,0,'pulvinar arcu et'),(320,2,1,0,'semper et, lacinia'),(321,2,2,0,'sed leo. Cras'),(322,4,1,0,'semper rutrum. Fusce'),(323,3,1,0,'diam. Pellentesque habitant'),(324,4,4,0,'pede. Cras vulputate'),(325,5,5,1,'adipiscing lobortis risus.'),(326,4,1,1,'facilisis vitae, orci.'),(327,3,2,1,'ante. Nunc mauris'),(328,4,4,1,'Maecenas libero est,'),(329,3,1,1,'Nunc ullamcorper, velit'),(330,5,1,1,'sollicitudin orci sem'),(331,5,4,1,'nunc. Quisque ornare'),(332,1,4,0,'Nunc mauris. Morbi'),(333,4,4,0,'at sem molestie'),(334,1,5,1,'ornare lectus justo'),(335,3,2,0,'arcu. Curabitur ut'),(336,1,5,1,'sem elit, pharetra'),(337,4,2,0,'dui, nec tempus'),(338,5,2,0,'ullamcorper, nisl arcu'),(339,5,3,1,'dictum ultricies ligula.'),(340,4,2,0,'a, magna. Lorem'),(341,2,1,1,'pede, ultrices a,'),(342,4,2,1,'pellentesque a, facilisis'),(343,3,5,1,'egestas blandit. Nam'),(344,5,3,1,'mi eleifend egestas.'),(345,3,4,0,'Class aptent taciti'),(346,5,4,0,'quis urna. Nunc'),(347,4,3,1,'magna et ipsum'),(348,5,3,0,'In mi pede,'),(349,4,4,1,'diam lorem, auctor'),(350,4,3,0,'dui, in sodales'),(351,1,4,0,'tincidunt nibh. Phasellus'),(352,5,2,1,'semper pretium neque.'),(353,4,4,1,'a felis ullamcorper'),(354,1,3,0,'consectetuer ipsum nunc'),(355,2,5,0,'adipiscing elit. Etiam'),(356,1,4,1,'lorem. Donec elementum,'),(357,2,4,1,'pede, malesuada vel,'),(358,3,4,1,'hendrerit id, ante.'),(359,1,3,1,'Suspendisse sed dolor.'),(360,2,2,0,'dui nec urna'),(361,2,2,1,'In scelerisque scelerisque'),(362,2,1,0,'eu nibh vulputate'),(363,4,4,1,'Proin ultrices. Duis'),(364,5,2,0,'Curabitur dictum. Phasellus'),(365,4,3,0,'Fusce aliquam, enim'),(366,4,3,0,'accumsan neque et'),(367,2,1,1,'mi pede, nonummy'),(368,3,5,1,'dictum augue malesuada'),(369,4,3,0,'mollis. Integer tincidunt'),(370,3,4,1,'aptent taciti sociosqu'),(371,5,3,1,'euismod est arcu'),(372,2,1,0,'sed pede nec'),(373,4,5,1,'risus, at fringilla'),(374,4,1,1,'ut quam vel'),(375,2,5,0,'odio. Nam interdum'),(376,5,4,0,'elit. Curabitur sed'),(377,4,5,1,'laoreet, libero et'),(378,1,2,1,'malesuada id, erat.'),(379,1,2,0,'lorem, vehicula et,'),(380,2,4,1,'fermentum metus. Aenean'),(381,1,1,1,'Ut semper pretium'),(382,3,3,1,'dolor sit amet,'),(383,5,4,0,'ullamcorper, velit in'),(384,2,1,0,'euismod urna. Nullam'),(385,1,2,0,'tellus lorem eu'),(386,1,3,0,'consequat enim diam'),(387,4,2,0,'at augue id'),(388,3,2,0,'purus sapien, gravida'),(389,1,5,0,'purus, accumsan interdum'),(390,3,1,1,'dolor egestas rhoncus.'),(391,2,2,0,'leo. Cras vehicula'),(392,1,2,0,'cursus in, hendrerit'),(393,5,1,1,'libero. Donec consectetuer'),(394,3,5,0,'bibendum ullamcorper. Duis'),(395,2,4,1,'Nam consequat dolor'),(396,4,4,0,'augue id ante'),(397,3,3,0,'tristique senectus et'),(398,1,5,1,'massa. Integer vitae'),(399,3,1,0,'sed consequat auctor,'),(400,4,2,1,'risus quis diam'),(401,2,5,1,'penatibus et magnis'),(402,3,3,0,'lobortis tellus justo'),(403,1,3,0,'interdum libero dui'),(404,5,2,0,'lacus. Quisque imperdiet,'),(405,5,4,0,'Ut tincidunt vehicula'),(406,1,4,1,'nisi. Cum sociis'),(407,4,1,1,'ridiculus mus. Proin'),(408,5,1,0,'consequat purus. Maecenas'),(409,5,5,1,'mattis semper, dui'),(410,4,5,0,'nascetur ridiculus mus.'),(411,3,3,0,'faucibus leo, in'),(412,1,4,0,'odio. Aliquam vulputate'),(413,5,2,1,'purus gravida sagittis.'),(414,2,2,1,'mauris ut mi.'),(415,5,3,0,'Quisque purus sapien,'),(416,4,3,1,'cursus purus. Nullam'),(417,4,5,0,'orci quis lectus.'),(418,3,3,0,'fringilla. Donec feugiat'),(419,2,2,0,'Donec consectetuer mauris'),(420,4,5,0,'Proin nisl sem,'),(421,5,2,0,'Integer tincidunt aliquam'),(422,2,5,0,'morbi tristique senectus'),(423,3,5,1,'mauris sit amet'),(424,2,4,1,'non justo. Proin'),(425,4,2,0,'dolor egestas rhoncus.'),(426,4,3,0,'Curabitur consequat, lectus'),(427,5,4,0,'sem ut cursus'),(428,1,3,1,'semper auctor. Mauris'),(429,4,2,0,'aliquet odio. Etiam'),(430,3,3,1,'enim. Mauris quis'),(431,2,2,1,'Donec egestas. Aliquam'),(432,5,3,0,'sed pede nec'),(433,4,5,0,'Mauris nulla. Integer'),(434,2,5,1,'lacus. Etiam bibendum'),(435,2,5,0,'In faucibus. Morbi'),(436,5,5,1,'tellus lorem eu'),(437,2,5,1,'non magna. Nam'),(438,2,3,0,'ipsum cursus vestibulum.'),(439,3,2,1,'magna. Cras convallis'),(440,5,3,1,'id, libero. Donec'),(441,1,2,0,'pretium neque. Morbi'),(442,3,2,0,'ullamcorper viverra. Maecenas'),(443,1,4,1,'Nullam suscipit, est'),(444,3,4,1,'orci sem eget'),(445,3,3,1,'vel nisl. Quisque'),(446,1,4,1,'leo. Morbi neque'),(447,1,5,1,'nisi magna sed'),(448,1,5,0,'hendrerit a, arcu.'),(449,2,4,0,'aliquam eu, accumsan'),(450,1,5,0,'leo. Cras vehicula'),(451,5,1,1,'ut quam vel'),(452,2,5,1,'nunc sit amet'),(453,4,3,1,'odio sagittis semper.'),(454,2,3,1,'posuere cubilia Curae;'),(455,1,4,0,'metus vitae velit'),(456,3,5,0,'et libero. Proin'),(457,1,1,0,'penatibus et magnis'),(458,2,1,0,'ac, eleifend vitae,'),(459,4,3,0,'Phasellus ornare. Fusce'),(460,1,5,1,'dictum. Proin eget'),(461,1,4,0,'at, libero. Morbi'),(462,5,2,1,'conubia nostra, per'),(463,3,4,0,'purus. Duis elementum,'),(464,4,2,0,'elit, pretium et,'),(465,4,1,0,'ornare. In faucibus.'),(466,3,3,1,'ipsum porta elit,'),(467,4,5,1,'amet nulla. Donec'),(468,1,1,0,'posuere cubilia Curae;'),(469,4,2,0,'tristique pellentesque, tellus'),(470,5,5,1,'vitae dolor. Donec'),(471,4,1,1,'natoque penatibus et'),(472,1,1,0,'aliquet odio. Etiam'),(473,1,1,1,'aliquam, enim nec'),(474,2,2,1,'eu dui. Cum'),(475,4,5,0,'elit, pretium et,'),(476,1,1,1,'nascetur ridiculus mus.'),(477,3,5,0,'sodales elit erat'),(478,2,4,0,'tincidunt, nunc ac'),(479,4,1,0,'id, mollis nec,'),(480,4,4,0,'magna a tortor.'),(481,3,4,0,'In lorem. Donec'),(482,5,2,0,'eleifend non, dapibus'),(483,4,4,0,'nec tempus mauris'),(484,3,2,0,'sed, sapien. Nunc'),(485,5,5,1,'ac sem ut'),(486,3,5,1,'Curabitur ut odio'),(487,5,5,1,'enim commodo hendrerit.'),(488,3,5,0,'eu, euismod ac,'),(489,2,1,0,'quis urna. Nunc'),(490,3,4,0,'nulla. In tincidunt'),(491,1,5,1,'elit, dictum eu,'),(492,5,3,0,'sem, vitae aliquam'),(493,2,5,1,'Donec tempor, est'),(494,4,1,0,'lobortis quis, pede.'),(495,1,3,0,'velit in aliquet'),(496,2,1,1,'blandit congue. In'),(497,1,4,0,'varius et, euismod'),(498,4,5,0,'cursus et, magna.'),(499,4,1,1,'at, iaculis quis,'),(500,1,2,0,'sem. Pellentesque ut'),(501,3,4,0,'at, iaculis quis,'),(502,2,2,1,'Fusce mollis. Duis'),(503,4,4,1,'sodales elit erat'),(504,2,3,0,'morbi tristique senectus'),(505,2,2,0,'dictum. Phasellus in'),(506,2,5,0,'metus. In nec'),(507,1,5,1,'cursus, diam at'),(508,1,1,1,'eget varius ultrices,'),(509,5,3,1,'vitae diam. Proin'),(510,3,1,0,'pellentesque a, facilisis'),(511,1,1,1,'dui quis accumsan'),(512,1,3,1,'Suspendisse aliquet, sem'),(513,1,5,0,'Etiam laoreet, libero'),(514,5,1,1,'Phasellus in felis.'),(515,2,3,0,'elit. Nulla facilisi.'),(516,1,2,1,'diam luctus lobortis.'),(517,2,2,1,'pretium et, rutrum'),(518,1,2,1,'tellus id nunc'),(519,4,3,0,'libero nec ligula'),(520,2,1,1,'est. Mauris eu'),(521,3,5,0,'eros. Proin ultrices.'),(522,1,5,1,'Nunc ullamcorper, velit'),(523,5,1,0,'nunc sed libero.'),(524,4,1,1,'leo elementum sem,'),(525,5,4,0,'nisi a odio'),(526,3,1,1,'nisl elementum purus,'),(527,3,5,1,'consectetuer adipiscing elit.'),(528,3,2,1,'luctus aliquet odio.'),(529,2,4,0,'justo eu arcu.'),(530,2,1,1,'Nunc sollicitudin commodo'),(531,4,1,1,'Donec fringilla. Donec'),(532,1,1,1,'a, scelerisque sed,'),(533,1,4,0,'gravida. Aliquam tincidunt,'),(534,2,1,1,'Praesent eu dui.'),(535,5,2,1,'nisi magna sed'),(536,2,2,1,'Duis dignissim tempor'),(537,1,5,1,'posuere vulputate, lacus.'),(538,1,4,0,'pharetra nibh. Aliquam'),(539,2,3,0,'in, hendrerit consectetuer,'),(540,4,2,0,'magna nec quam.'),(541,2,3,1,'Cras sed leo.'),(542,3,4,1,'augue porttitor interdum.'),(543,2,4,1,'enim. Nunc ut'),(544,5,3,0,'erat semper rutrum.'),(545,3,5,0,'Curabitur consequat, lectus'),(546,4,5,0,'dictum eu, eleifend'),(547,5,2,0,'montes, nascetur ridiculus'),(548,1,5,0,'varius orci, in'),(549,4,5,1,'amet, consectetuer adipiscing'),(550,3,2,0,'tempus risus. Donec'),(551,5,4,0,'lorem ac risus.'),(552,2,2,0,'tellus. Suspendisse sed'),(553,5,1,1,'feugiat metus sit'),(554,3,1,1,'cursus et, magna.'),(555,3,1,1,'viverra. Donec tempus,'),(556,5,1,1,'amet risus. Donec'),(557,3,5,0,'non, vestibulum nec,'),(558,3,1,0,'id enim. Curabitur'),(559,5,3,0,'gravida molestie arcu.'),(560,3,3,0,'dictum ultricies ligula.'),(561,5,2,0,'sem semper erat,'),(562,1,2,0,'facilisis eget, ipsum.'),(563,5,1,0,'sodales purus, in'),(564,2,1,0,'mauris, aliquam eu,'),(565,5,4,0,'netus et malesuada'),(566,4,2,1,'nunc id enim.'),(567,4,3,1,'morbi tristique senectus'),(568,3,1,0,'elit. Curabitur sed'),(569,5,4,0,'Proin ultrices. Duis'),(570,4,4,0,'non ante bibendum'),(571,4,2,1,'Nunc ac sem'),(572,1,4,1,'sed consequat auctor,'),(573,3,2,0,'nonummy ut, molestie'),(574,3,5,1,'erat. Sed nunc'),(575,5,2,1,'mollis vitae, posuere'),(576,5,3,1,'dignissim lacus. Aliquam'),(577,4,5,0,'ridiculus mus. Aenean'),(578,2,3,1,'Donec consectetuer mauris'),(579,1,5,0,'augue, eu tempor'),(580,3,5,1,'ut, sem. Nulla'),(581,3,4,1,'velit in aliquet'),(582,3,4,1,'sem semper erat,'),(583,4,2,0,'aliquet vel, vulputate'),(584,2,2,0,'nunc interdum feugiat.'),(585,2,4,0,'Phasellus ornare. Fusce'),(586,1,1,1,'urna. Nunc quis'),(587,3,3,0,'ornare, libero at'),(588,1,1,0,'in magna. Phasellus'),(589,3,3,1,'nostra, per inceptos'),(590,3,4,1,'id, mollis nec,'),(591,1,4,0,'libero mauris, aliquam'),(592,4,5,1,'risus odio, auctor'),(593,2,2,1,'mauris, rhoncus id,'),(594,3,5,1,'eleifend vitae, erat.'),(595,2,1,1,'posuere, enim nisl'),(596,5,4,1,'fringilla, porttitor vulputate,'),(597,5,2,0,'eros turpis non'),(598,5,5,0,'amet massa. Quisque'),(599,3,1,1,'in aliquet lobortis,'),(600,3,3,0,'in lobortis tellus'),(601,3,4,1,'Aenean eget metus.'),(602,3,1,0,'eros. Proin ultrices.'),(603,1,4,0,'amet diam eu'),(604,5,2,1,'erat, eget tincidunt'),(605,5,4,1,'dictum. Phasellus in'),(606,2,3,1,'et tristique pellentesque,'),(607,4,2,0,'justo nec ante.'),(608,1,1,0,'vitae, orci. Phasellus'),(609,3,1,1,'purus ac tellus.'),(610,2,3,1,'Mauris ut quam'),(611,5,4,0,'molestie tellus. Aenean'),(612,5,2,0,'Aliquam fringilla cursus'),(613,2,3,1,'ultrices, mauris ipsum'),(614,1,5,1,'purus, accumsan interdum'),(615,5,4,0,'orci, adipiscing non,'),(616,2,5,0,'gravida sagittis. Duis'),(617,1,5,0,'augue ac ipsum.'),(618,4,1,0,'ac mattis semper,'),(619,2,2,0,'vel sapien imperdiet'),(620,4,1,1,'mollis lectus pede'),(621,4,4,1,'magna. Nam ligula'),(622,4,2,0,'nec urna suscipit'),(623,2,4,0,'Nullam feugiat placerat'),(624,4,4,0,'augue, eu tempor'),(625,1,3,0,'pharetra. Quisque ac'),(626,1,3,0,'eget massa. Suspendisse'),(627,4,5,1,'risus. Nulla eget'),(628,1,4,0,'nisl. Nulla eu'),(629,5,2,0,'commodo auctor velit.'),(630,3,2,0,'Sed diam lorem,'),(631,5,4,1,'Ut semper pretium'),(632,4,2,1,'ipsum cursus vestibulum.'),(633,2,1,0,'Suspendisse sagittis. Nullam'),(634,4,2,1,'magna. Phasellus dolor'),(635,3,1,1,'sit amet risus.'),(636,5,4,1,'Quisque porttitor eros'),(637,4,5,1,'purus mauris a'),(638,2,4,0,'augue porttitor interdum.'),(639,5,2,1,'cursus non, egestas'),(640,3,1,0,'natoque penatibus et'),(641,3,2,0,'nunc. In at'),(642,4,2,0,'enim commodo hendrerit.'),(643,1,5,1,'Maecenas libero est,'),(644,1,2,1,'consequat purus. Maecenas'),(645,1,4,0,'Cum sociis natoque'),(646,4,4,1,'augue porttitor interdum.'),(647,2,3,0,'Morbi neque tellus,'),(648,3,2,1,'scelerisque sed, sapien.'),(649,3,4,1,'nibh. Phasellus nulla.'),(650,4,5,0,'nec ante. Maecenas'),(651,3,4,1,'Nunc commodo auctor'),(652,5,3,1,'tristique pellentesque, tellus'),(653,2,3,1,'bibendum ullamcorper. Duis'),(654,2,3,0,'consequat, lectus sit'),(655,3,1,0,'eleifend nec, malesuada'),(656,5,5,0,'Nullam lobortis quam'),(657,1,5,0,'Integer sem elit,'),(658,4,1,0,'enim. Mauris quis'),(659,4,3,1,'semper rutrum. Fusce'),(660,2,3,1,'vulputate ullamcorper magna.'),(661,3,5,0,'enim. Etiam gravida'),(662,3,5,1,'Vivamus euismod urna.'),(663,4,2,1,'semper rutrum. Fusce'),(664,5,4,1,'eu augue porttitor'),(665,5,4,1,'dis parturient montes,'),(666,4,1,0,'sed, hendrerit a,'),(667,5,4,1,'mauris. Suspendisse aliquet'),(668,5,3,0,'Proin nisl sem,'),(669,1,4,1,'Integer id magna'),(670,4,2,0,'sem molestie sodales.'),(671,3,3,1,'quis, pede. Suspendisse'),(672,5,1,0,'in aliquet lobortis,'),(673,4,5,1,'Aenean massa. Integer'),(674,2,5,1,'Praesent luctus. Curabitur'),(675,2,2,0,'ut quam vel'),(676,4,5,1,'feugiat tellus lorem'),(677,1,4,0,'tempor, est ac'),(678,3,5,1,'luctus et ultrices'),(679,3,3,0,'malesuada vel, venenatis'),(680,1,3,1,'Donec est mauris,'),(681,4,5,1,'augue id ante'),(682,4,1,0,'neque non quam.'),(683,4,3,1,'gravida non, sollicitudin'),(684,2,1,1,'Phasellus ornare. Fusce'),(685,4,5,1,'In at pede.'),(686,1,1,1,'fringilla, porttitor vulputate,'),(687,4,4,0,'cubilia Curae; Phasellus'),(688,4,3,1,'dui. Fusce diam'),(689,3,5,1,'Proin non massa'),(690,2,4,1,'nec, eleifend non,'),(691,2,1,0,'lorem, sit amet'),(692,2,5,1,'aliquet diam. Sed'),(693,2,3,1,'magnis dis parturient'),(694,5,3,0,'lectus quis massa.'),(695,3,5,1,'nibh sit amet'),(696,2,2,0,'mauris erat eget'),(697,3,5,1,'Sed congue, elit'),(698,3,3,1,'Mauris ut quam'),(699,5,4,0,'in sodales elit'),(700,1,3,1,'orci. Donec nibh.'),(701,4,2,1,'Fusce aliquam, enim'),(702,3,3,0,'Fusce aliquet magna'),(703,5,1,0,'augue ut lacus.'),(704,3,1,0,'Cras lorem lorem,'),(705,5,3,1,'faucibus id, libero.'),(706,3,1,1,'Sed id risus'),(707,4,1,1,'ligula. Aenean euismod'),(708,2,1,0,'interdum enim non'),(709,2,2,0,'purus gravida sagittis.'),(710,2,1,0,'arcu. Sed eu'),(711,5,3,0,'tincidunt aliquam arcu.'),(712,3,3,1,'iaculis quis, pede.'),(713,2,3,1,'Nunc mauris elit,'),(714,5,4,0,'ultrices. Vivamus rhoncus.'),(715,1,5,0,'eleifend nec, malesuada'),(716,2,1,1,'augue ac ipsum.'),(717,2,4,1,'adipiscing elit. Curabitur'),(718,4,5,1,'risus. Donec egestas.'),(719,5,3,1,'ac turpis egestas.'),(720,3,5,1,'sit amet ante.'),(721,4,1,1,'aliquet magna a'),(722,4,2,1,'mauris a nunc.'),(723,2,4,0,'neque. Nullam nisl.'),(724,1,1,1,'egestas, urna justo'),(725,4,5,1,'natoque penatibus et'),(726,3,5,0,'Vestibulum ante ipsum'),(727,5,1,0,'mi tempor lorem,'),(728,4,5,0,'purus. Duis elementum,'),(729,1,4,1,'ultrices, mauris ipsum'),(730,4,1,1,'orci, in consequat'),(731,5,2,0,'tincidunt, nunc ac'),(732,2,3,0,'Praesent luctus. Curabitur'),(733,4,4,0,'magna. Praesent interdum'),(734,1,1,0,'metus vitae velit'),(735,3,3,1,'et magnis dis'),(736,4,1,0,'turpis egestas. Aliquam'),(737,3,2,0,'magna sed dui.'),(738,4,1,0,'mollis. Phasellus libero'),(739,5,3,1,'malesuada vel, convallis'),(740,5,1,0,'mauris sit amet'),(741,4,5,1,'sagittis placerat. Cras'),(742,5,3,0,'Suspendisse eleifend. Cras'),(743,2,5,1,'tempus scelerisque, lorem'),(744,3,1,0,'at auctor ullamcorper,'),(745,3,4,0,'luctus, ipsum leo'),(746,2,5,1,'vehicula et, rutrum'),(747,4,3,1,'non lorem vitae'),(748,5,3,0,'nisi. Cum sociis'),(749,3,2,1,'Phasellus at augue'),(750,3,4,0,'Integer vitae nibh.'),(751,4,4,0,'turpis vitae purus'),(752,1,3,1,'amet metus. Aliquam'),(753,5,3,1,'a purus. Duis'),(754,4,2,1,'magnis dis parturient'),(755,4,3,0,'rhoncus id, mollis'),(756,5,1,1,'lacinia at, iaculis'),(757,1,3,1,'natoque penatibus et'),(758,3,2,0,'urna. Nunc quis'),(759,2,5,1,'Ut tincidunt vehicula'),(760,5,4,0,'a sollicitudin orci'),(761,2,4,0,'magna. Duis dignissim'),(762,3,3,0,'enim nisl elementum'),(763,5,5,1,'eget mollis lectus'),(764,2,1,0,'tellus lorem eu'),(765,2,3,0,'nisl arcu iaculis'),(766,5,4,1,'arcu. Curabitur ut'),(767,5,1,0,'lacus. Etiam bibendum'),(768,5,3,0,'tempus eu, ligula.'),(769,3,5,1,'nec ante. Maecenas'),(770,5,2,1,'justo faucibus lectus,'),(771,2,5,0,'pharetra nibh. Aliquam'),(772,2,3,1,'scelerisque sed, sapien.'),(773,5,5,0,'placerat velit. Quisque'),(774,4,2,1,'felis eget varius'),(775,2,3,1,'Vestibulum ante ipsum'),(776,3,4,0,'massa non ante'),(777,4,4,0,'Nullam enim. Sed'),(778,2,1,1,'vehicula. Pellentesque tincidunt'),(779,3,1,1,'aliquam iaculis, lacus'),(780,4,4,1,'enim. Nunc ut'),(781,1,1,1,'non, luctus sit'),(782,3,3,0,'Aliquam erat volutpat.'),(783,4,3,1,'massa non ante'),(784,4,2,1,'nulla. Cras eu'),(785,4,1,1,'tincidunt orci quis'),(786,1,5,1,'purus ac tellus.'),(787,2,2,0,'convallis convallis dolor.'),(788,2,2,1,'tellus. Aenean egestas'),(789,2,1,1,'velit egestas lacinia.'),(790,4,4,1,'fringilla mi lacinia'),(791,3,1,1,'mus. Aenean eget'),(792,1,3,0,'at augue id'),(793,3,5,0,'sed orci lobortis'),(794,1,3,0,'a mi fringilla'),(795,5,3,1,'neque. Sed eget'),(796,3,4,0,'felis. Nulla tempor'),(797,5,2,0,'eleifend non, dapibus'),(798,4,4,1,'rutrum, justo. Praesent'),(799,4,5,1,'Nullam suscipit, est'),(800,1,4,1,'Nulla tempor augue'),(801,2,2,1,'penatibus et magnis'),(802,2,3,0,'dictum eleifend, nunc'),(803,2,3,1,'mattis. Integer eu'),(804,3,1,1,'tellus. Phasellus elit'),(805,5,2,0,'inceptos hymenaeos. Mauris'),(806,5,4,1,'porttitor vulputate, posuere'),(807,5,2,1,'nascetur ridiculus mus.'),(808,2,3,0,'nonummy ut, molestie'),(809,1,5,1,'ut lacus. Nulla'),(810,4,5,1,'aliquam adipiscing lacus.'),(811,2,1,0,'et magnis dis'),(812,1,5,1,'montes, nascetur ridiculus'),(813,3,4,0,'sapien imperdiet ornare.'),(814,4,1,0,'et ultrices posuere'),(815,1,3,1,'mauris. Integer sem'),(816,5,4,1,'ac ipsum. Phasellus'),(817,5,5,0,'ut odio vel'),(818,2,3,1,'sit amet luctus'),(819,3,5,1,'Donec vitae erat'),(820,1,3,1,'malesuada. Integer id'),(821,5,1,0,'metus. In lorem.'),(822,4,2,1,'erat. Etiam vestibulum'),(823,5,4,1,'netus et malesuada'),(824,3,5,0,'sociosqu ad litora'),(825,4,3,1,'urna. Nunc quis'),(826,2,5,0,'ac facilisis facilisis,'),(827,3,3,0,'parturient montes, nascetur'),(828,3,2,1,'mauris elit, dictum'),(829,1,2,1,'consectetuer ipsum nunc'),(830,1,5,1,'aliquet vel, vulputate'),(831,1,3,1,'erat, in consectetuer'),(832,5,2,0,'leo elementum sem,'),(833,3,5,0,'Phasellus dolor elit,'),(834,2,3,1,'primis in faucibus'),(835,2,2,0,'gravida sagittis. Duis'),(836,2,5,0,'velit eget laoreet'),(837,5,1,0,'eget, volutpat ornare,'),(838,3,5,0,'neque. Nullam ut'),(839,1,4,0,'enim nisl elementum'),(840,3,5,1,'elementum, dui quis'),(841,5,2,1,'sit amet ornare'),(842,3,1,0,'lectus convallis est,'),(843,1,3,0,'eget, volutpat ornare,'),(844,5,5,0,'Nam porttitor scelerisque'),(845,1,5,1,'mauris, rhoncus id,'),(846,2,2,0,'Quisque porttitor eros'),(847,1,5,0,'Duis dignissim tempor'),(848,2,3,0,'scelerisque, lorem ipsum'),(849,1,1,1,'arcu imperdiet ullamcorper.'),(850,2,4,1,'sagittis placerat. Cras'),(851,4,2,1,'orci, in consequat'),(852,4,3,1,'varius. Nam porttitor'),(853,1,5,1,'ante, iaculis nec,'),(854,1,5,0,'consectetuer adipiscing elit.'),(855,4,1,0,'tristique ac, eleifend'),(856,2,5,1,'semper. Nam tempor'),(857,1,4,1,'sit amet ornare'),(858,2,3,0,'Nunc ac sem'),(859,5,3,1,'in, dolor. Fusce'),(860,1,2,0,'urna et arcu'),(861,4,2,1,'mus. Aenean eget'),(862,3,4,1,'Donec est. Nunc'),(863,3,4,1,'tellus. Nunc lectus'),(864,4,3,1,'cursus, diam at'),(865,3,3,0,'non leo. Vivamus'),(866,1,4,1,'euismod in, dolor.'),(867,2,5,1,'elementum at, egestas'),(868,4,4,1,'dui lectus rutrum'),(869,2,4,0,'natoque penatibus et'),(870,2,3,0,'neque vitae semper'),(871,5,5,0,'odio. Aliquam vulputate'),(872,5,3,0,'dui. Cum sociis'),(873,2,4,1,'elementum at, egestas'),(874,2,3,1,'quis arcu vel'),(875,2,5,1,'lacinia mattis. Integer'),(876,4,2,1,'feugiat nec, diam.'),(877,2,1,0,'cursus non, egestas'),(878,4,4,1,'eleifend. Cras sed'),(879,5,3,0,'turpis. Nulla aliquet.'),(880,3,5,0,'bibendum fermentum metus.'),(881,5,2,0,'id sapien. Cras'),(882,4,4,0,'et pede. Nunc'),(883,1,4,1,'tristique pellentesque, tellus'),(884,2,1,1,'tellus, imperdiet non,'),(885,2,4,0,'Ut tincidunt vehicula'),(886,1,3,1,'odio. Etiam ligula'),(887,5,5,0,'Nunc ut erat.'),(888,4,4,1,'Mauris non dui'),(889,1,4,1,'enim, condimentum eget,'),(890,3,5,0,'vulputate, lacus. Cras'),(891,5,5,0,'mattis ornare, lectus'),(892,1,2,0,'a felis ullamcorper'),(893,2,3,1,'euismod est arcu'),(894,2,4,0,'elit. Etiam laoreet,'),(895,1,2,0,'egestas ligula. Nullam'),(896,2,1,1,'quis diam luctus'),(897,3,2,0,'ut, nulla. Cras'),(898,3,2,1,'Aliquam erat volutpat.'),(899,2,5,0,'cursus et, magna.'),(900,3,3,1,'vitae purus gravida'),(901,3,2,1,'a mi fringilla'),(902,2,4,0,'non, lacinia at,'),(903,5,2,1,'ridiculus mus. Donec'),(904,4,2,0,'risus, at fringilla'),(905,3,2,0,'Sed pharetra, felis'),(906,4,5,0,'placerat, augue. Sed'),(907,2,3,0,'amet luctus vulputate,'),(908,2,5,0,'cursus vestibulum. Mauris'),(909,2,4,1,'ipsum leo elementum'),(910,4,1,1,'augue scelerisque mollis.'),(911,2,5,0,'egestas a, scelerisque'),(912,5,5,0,'dolor vitae dolor.'),(913,1,2,0,'dignissim tempor arcu.'),(914,1,4,0,'nunc. In at'),(915,4,2,0,'Etiam bibendum fermentum'),(916,2,3,0,'risus. Nunc ac'),(917,2,3,0,'Etiam vestibulum massa'),(918,4,1,0,'sed dui. Fusce'),(919,2,2,1,'enim mi tempor'),(920,1,3,1,'sodales nisi magna'),(921,5,1,0,'sem elit, pharetra'),(922,3,5,1,'risus. Quisque libero'),(923,2,1,1,'adipiscing elit. Curabitur'),(924,5,3,1,'luctus et ultrices'),(925,1,2,0,'ornare tortor at'),(926,5,2,0,'ornare. In faucibus.'),(927,3,3,0,'id, ante. Nunc'),(928,1,2,1,'ullamcorper. Duis cursus,'),(929,2,5,0,'Duis sit amet'),(930,1,1,1,'pharetra ut, pharetra'),(931,2,4,1,'Sed congue, elit'),(932,5,2,1,'venenatis a, magna.'),(933,5,4,1,'Ut sagittis lobortis'),(934,5,2,1,'et tristique pellentesque,'),(935,1,2,0,'semper cursus. Integer'),(936,3,1,0,'tristique aliquet. Phasellus'),(937,2,4,1,'id, mollis nec,'),(938,2,1,1,'Etiam imperdiet dictum'),(939,2,4,1,'aliquet molestie tellus.'),(940,3,5,1,'id, erat. Etiam'),(941,5,3,1,'parturient montes, nascetur'),(942,5,5,1,'eros. Nam consequat'),(943,3,2,0,'torquent per conubia'),(944,5,2,0,'Morbi metus. Vivamus'),(945,3,2,1,'Curabitur massa. Vestibulum'),(946,4,3,0,'ac urna. Ut'),(947,2,4,1,'sem, consequat nec,'),(948,2,2,1,'Cras eu tellus'),(949,1,2,0,'Etiam ligula tortor,'),(950,5,4,1,'adipiscing elit. Etiam'),(951,4,4,1,'eros. Nam consequat'),(952,3,1,0,'eros. Nam consequat'),(953,1,2,0,'mi lacinia mattis.'),(954,4,1,0,'amet metus. Aliquam'),(955,2,1,1,'dui augue eu'),(956,5,3,1,'blandit at, nisi.'),(957,5,3,0,'consectetuer mauris id'),(958,3,5,0,'dis parturient montes,'),(959,1,2,1,'vitae, sodales at,'),(960,4,2,1,'lorem vitae odio'),(961,4,3,0,'eget, venenatis a,'),(962,4,5,1,'neque tellus, imperdiet'),(963,4,5,1,'iaculis nec, eleifend'),(964,3,5,1,'nulla. Integer vulputate,'),(965,3,3,1,'elit. Curabitur sed'),(966,1,2,0,'convallis in, cursus'),(967,2,2,0,'vulputate velit eu'),(968,3,2,0,'ridiculus mus. Proin'),(969,5,2,0,'dolor sit amet,'),(970,3,3,1,'velit justo nec'),(971,1,4,1,'sit amet ante.'),(972,4,4,1,'Duis ac arcu.'),(973,3,1,1,'dapibus rutrum, justo.'),(974,1,3,1,'Fusce aliquet magna'),(975,5,5,0,'enim non nisi.'),(976,4,1,1,'Sed pharetra, felis'),(977,4,1,0,'pellentesque a, facilisis'),(978,4,3,1,'pede, nonummy ut,'),(979,1,5,1,'Sed nulla ante,'),(980,5,4,1,'eget metus eu'),(981,1,1,0,'quam quis diam.'),(982,2,4,1,'vel est tempor'),(983,1,2,0,'malesuada augue ut'),(984,4,1,1,'nunc ac mattis'),(985,4,4,1,'nunc nulla vulputate'),(986,5,3,0,'enim diam vel'),(987,1,4,1,'consequat purus. Maecenas'),(988,4,3,0,'ultrices posuere cubilia'),(989,2,3,0,'nisi. Cum sociis'),(990,5,3,0,'elit fermentum risus,'),(991,5,5,0,'Nunc mauris elit,'),(992,4,1,0,'nec tellus. Nunc'),(993,5,3,1,'id enim. Curabitur'),(994,4,3,0,'nec urna et'),(995,3,1,0,'gravida non, sollicitudin'),(996,4,5,0,'mauris id sapien.'),(997,5,3,1,'odio tristique pharetra.'),(998,5,3,1,'Donec egestas. Aliquam'),(999,5,4,1,'massa. Mauris vestibulum,'),(1000,2,3,1,'accumsan neque et');
/*!40000 ALTER TABLE `restaurant_rating` ENABLE KEYS */;
UNLOCK TABLES;

--
-- Temporary view structure for view `restaurant_rating_view`
--

DROP TABLE IF EXISTS `restaurant_rating_view`;
/*!50001 DROP VIEW IF EXISTS `restaurant_rating_view`*/;
SET @saved_cs_client     = @@character_set_client;
/*!50503 SET character_set_client = utf8mb4 */;
/*!50001 CREATE VIEW `restaurant_rating_view` AS SELECT 
 1 AS `restaurant_id`,
 1 AS `restaurant_name`,
 1 AS `order_count`,
 1 AS `avg_overall_experience`,
 1 AS `avg_food_quality`,
 1 AS `avg_food_temperature`,
 1 AS `avg_order_correct`,
 1 AS `percent_correct_orders`*/;
SET character_set_client = @saved_cs_client;

--
-- Table structure for table `staff`
--

DROP TABLE IF EXISTS `staff`;
/*!40101 SET @saved_cs_client     = @@character_set_client */;
/*!50503 SET character_set_client = utf8mb4 */;
CREATE TABLE `staff` (
  `staff_id` int NOT NULL AUTO_INCREMENT,
  `person_id` int DEFAULT NULL,
  `position` varchar(75) DEFAULT NULL,
  `is_admin` varchar(1) DEFAULT 'N',
  PRIMARY KEY (`staff_id`),
  KEY `fk_S_person_id` (`person_id`),
  CONSTRAINT `fk_S_person_id` FOREIGN KEY (`person_id`) REFERENCES `person` (`person_id`),
  CONSTRAINT `check_is_admin_y_n` CHECK ((`is_admin` in (_utf8mb4'Y',_utf8mb4'N')))
) ENGINE=InnoDB AUTO_INCREMENT=26 DEFAULT CHARSET=latin1;
/*!40101 SET character_set_client = @saved_cs_client */;

--
-- Dumping data for table `staff`
--

LOCK TABLES `staff` WRITE;
/*!40000 ALTER TABLE `staff` DISABLE KEYS */;
INSERT INTO `staff` VALUES (1,27,'Janitor','Y'),(2,37,'Bus Driver','N'),(3,48,'Bus Driver','N'),(4,28,'Assistant Manager','N'),(5,31,'Receptionist','Y'),(6,38,'Assistant Manager','Y'),(7,26,'Bus Driver','N'),(8,49,'Logistic Manager','N'),(9,33,'Receptionist','Y'),(10,45,'Assistant Manager','Y'),(11,40,'Bus Driver','Y'),(12,29,'Logistic Manager','N'),(13,46,'Receptionist','N'),(14,41,'Logistic Manager','Y'),(15,32,'Logistic Manager','Y'),(16,47,'Janitor','N'),(17,50,'Logistic Manager','Y'),(18,30,'Janitor','Y'),(19,39,'Assistant Manager','Y'),(20,43,'Bus Driver','Y'),(21,35,'Bus Driver','Y'),(22,42,'Logistic Manager','Y'),(23,36,'Janitor','N'),(24,34,'Logistic Manager','Y'),(25,44,'Bus Driver','Y');
/*!40000 ALTER TABLE `staff` ENABLE KEYS */;
UNLOCK TABLES;

--
-- Table structure for table `student`
--

DROP TABLE IF EXISTS `student`;
/*!40101 SET @saved_cs_client     = @@character_set_client */;
/*!50503 SET character_set_client = utf8mb4 */;
CREATE TABLE `student` (
  `student_id` int NOT NULL AUTO_INCREMENT,
  `person_id` int NOT NULL,
  `graduation_year` int DEFAULT NULL,
  `major` varchar(75) DEFAULT NULL,
  `type` varchar(75) DEFAULT NULL,
  PRIMARY KEY (`student_id`),
  KEY `fk_St_person_id` (`person_id`),
  CONSTRAINT `fk_St_person_id` FOREIGN KEY (`person_id`) REFERENCES `person` (`person_id`)
) ENGINE=InnoDB AUTO_INCREMENT=152 DEFAULT CHARSET=latin1;
/*!40101 SET character_set_client = @saved_cs_client */;

--
-- Dumping data for table `student`
--

LOCK TABLES `student` WRITE;
/*!40000 ALTER TABLE `student` DISABLE KEYS */;
INSERT INTO `student` VALUES (1,101,1987,'Philosophy','Undergraduate'),(2,141,1986,'Accounts','Undergraduate'),(3,92,1978,'Electronics','Graduate'),(4,85,2008,'Computer Science','Graduate'),(5,66,1979,'Accounts','Graduate'),(6,164,2019,'Accounts','Graduate'),(7,110,1989,'Philosophy','Undergraduate'),(8,137,1987,'Accounts','Undergraduate'),(9,140,1975,'Data Science','Graduate'),(10,107,1985,'Data Science','Graduate'),(11,55,2017,'Electrical','Undergraduate'),(12,91,2006,'Electrical','Undergraduate'),(13,144,2008,'Cyber Security','Graduate'),(14,58,2005,'Mechanical','Graduate'),(15,191,2015,'Accounts','Undergraduate'),(16,190,2011,'Biotechnology','Undergraduate'),(17,60,1990,'Cyber Security','Undergraduate'),(18,59,1987,'Environmental','Undergraduate'),(19,114,1999,'Data Science','Graduate'),(20,185,1986,'Electrical','Graduate'),(21,61,2006,'Electrical','Undergraduate'),(22,117,1984,'Data Science','Undergraduate'),(23,73,2004,'Chemical','Graduate'),(24,170,1976,'Chemical','Undergraduate'),(25,146,1997,'Computer Science','Graduate'),(26,143,1977,'Chemical','Undergraduate'),(27,108,1995,'Mechanical','Undergraduate'),(28,198,2000,'Mechanical','Graduate'),(29,94,2013,'Accounts','Graduate'),(30,172,2005,'Philosophy','Graduate'),(31,68,1981,'Chemical','Graduate'),(32,111,1991,'Environmental','Undergraduate'),(33,165,1983,'Cyber Security','Undergraduate'),(34,155,1993,'Environmental','Graduate'),(35,163,2013,'Accounts','Undergraduate'),(36,71,2002,'Accounts','Undergraduate'),(37,194,2013,'Data Science','Graduate'),(38,125,1983,'Chemical','Undergraduate'),(39,126,1980,'Chemical','Graduate'),(40,168,2014,'Electrical','Undergraduate'),(41,106,2010,'Data Science','Graduate'),(42,112,1990,'Accounts','Graduate'),(43,93,1975,'Philosophy','Graduate'),(44,195,2016,'Mechanical','Undergraduate'),(45,69,1975,'Philosophy','Graduate'),(46,180,1972,'Accounts','Undergraduate'),(47,56,1990,'Computer Science','Undergraduate'),(48,57,1982,'Accounts','Graduate'),(49,193,2012,'Accounts','Graduate'),(50,100,1988,'Civil','Graduate'),(51,78,1999,'Mechanical','Graduate'),(52,63,1989,'Mechanical','Undergraduate'),(53,153,1978,'Philosophy','Undergraduate'),(54,65,1985,'Cyber Security','Graduate'),(55,118,2010,'Biotechnology','Graduate'),(56,169,1981,'Chemical','Undergraduate'),(57,184,1980,'Chemical','Graduate'),(58,51,2001,'Accounts','Graduate'),(59,130,1993,'Data Science','Graduate'),(60,80,2005,'Chemical','Graduate'),(61,134,1994,'Chemical','Graduate'),(62,142,1979,'Accounts','Graduate'),(63,97,1988,'Data Science','Graduate'),(64,148,1998,'Biotechnology','Undergraduate'),(65,166,1980,'Civil','Undergraduate'),(66,116,1970,'Accounts','Undergraduate'),(67,138,2014,'Chemical','Graduate'),(68,113,1997,'Data Science','Undergraduate'),(69,70,2006,'Mechanical','Graduate'),(70,173,1975,'Cyber Security','Graduate'),(71,182,1984,'Accounts','Undergraduate'),(72,160,1974,'Cyber Security','Undergraduate'),(73,128,1972,'Environmental','Undergraduate'),(74,99,2009,'Environmental','Graduate'),(75,147,1971,'Mechanical','Graduate'),(76,81,1994,'Cyber Security','Graduate'),(77,177,1999,'Electronics','Graduate'),(78,90,1978,'Computer Science','Graduate'),(79,158,1985,'Computer Science','Graduate'),(80,79,2004,'Environmental','Graduate'),(81,119,1989,'Biotechnology','Graduate'),(82,171,2019,'Electronics','Undergraduate'),(83,77,1989,'Electronics','Undergraduate'),(84,186,1973,'Mechanical','Undergraduate'),(85,105,2011,'Chemical','Undergraduate'),(86,149,1971,'Mechanical','Undergraduate'),(87,133,1978,'Mechanical','Undergraduate'),(88,174,2010,'Environmental','Graduate'),(89,95,1994,'Mechanical','Undergraduate'),(90,72,2019,'Environmental','Undergraduate'),(91,76,1978,'Data Science','Graduate'),(92,123,2008,'Philosophy','Undergraduate'),(93,188,1979,'Data Science','Graduate'),(94,132,2001,'Data Science','Graduate'),(95,183,1983,'Data Science','Graduate'),(96,179,1973,'Data Science','Graduate'),(97,129,2000,'Accounts','Graduate'),(98,115,2015,'Philosophy','Undergraduate'),(99,200,1986,'Electronics','Undergraduate'),(100,84,2009,'Cyber Security','Undergraduate'),(101,54,1984,'Chemical','Graduate'),(102,102,2000,'Biotechnology','Undergraduate'),(103,152,2003,'Data Science','Graduate'),(104,176,1985,'Cyber Security','Graduate'),(105,120,2019,'Environmental','Graduate'),(106,53,1992,'Chemical','Graduate'),(107,178,1971,'Cyber Security','Graduate'),(108,122,1998,'Electronics','Graduate'),(109,86,2011,'Electrical','Graduate'),(110,136,2016,'Electronics','Graduate'),(111,151,1981,'Chemical','Undergraduate'),(112,196,1992,'Philosophy','Undergraduate'),(113,161,1994,'Computer Science','Undergraduate'),(114,83,2004,'Biotechnology','Undergraduate'),(115,98,1985,'Civil','Graduate'),(116,139,1979,'Accounts','Undergraduate'),(117,181,1977,'Mechanical','Graduate'),(118,197,1973,'Accounts','Undergraduate'),(119,135,1998,'Electronics','Undergraduate'),(120,109,2002,'Cyber Security','Undergraduate'),(121,159,1976,'Chemical','Graduate'),(122,67,1971,'Chemical','Undergraduate'),(123,199,2019,'Computer Science','Graduate'),(124,64,1992,'Accounts','Undergraduate'),(125,74,2002,'Data Science','Graduate'),(126,175,1987,'Environmental','Undergraduate'),(127,157,2017,'Biotechnology','Undergraduate'),(128,62,1971,'Biotechnology','Undergraduate'),(129,103,1993,'Cyber Security','Graduate'),(130,131,1972,'Environmental','Graduate'),(131,87,1989,'Electrical','Undergraduate'),(132,150,1984,'Cyber Security','Graduate'),(133,75,1988,'Accounts','Graduate'),(134,82,2018,'Civil','Graduate'),(135,124,2016,'Computer Science','Undergraduate'),(136,88,1989,'Biotechnology','Undergraduate'),(137,167,1991,'Data Science','Undergraduate'),(138,127,2013,'Chemical','Undergraduate'),(139,89,1986,'Electronics','Undergraduate'),(140,189,1995,'Environmental','Graduate'),(141,192,1972,'Philosophy','Graduate'),(142,145,1981,'Computer Science','Graduate'),(143,156,1996,'Environmental','Undergraduate'),(144,162,1999,'Cyber Security','Undergraduate'),(145,154,2009,'Biotechnology','Undergraduate'),(146,104,2006,'Electronics','Graduate'),(147,96,1985,'Mechanical','Graduate'),(148,187,2002,'Cyber Security','Undergraduate'),(149,52,1995,'Cyber Security','Undergraduate'),(150,121,1994,'Mechanical','Graduate'),(151,204,2019,'graduate','Graduate');
/*!40000 ALTER TABLE `student` ENABLE KEYS */;
UNLOCK TABLES;

--
-- Table structure for table `vehicle`
--

DROP TABLE IF EXISTS `vehicle`;
/*!40101 SET @saved_cs_client     = @@character_set_client */;
/*!50503 SET character_set_client = utf8mb4 */;
CREATE TABLE `vehicle` (
  `vehicle_id` int NOT NULL AUTO_INCREMENT,
  `vehicle_plate` varchar(75) DEFAULT NULL,
  `model` varchar(75) DEFAULT NULL,
  `make` varchar(75) DEFAULT NULL,
  PRIMARY KEY (`vehicle_id`)
) ENGINE=InnoDB AUTO_INCREMENT=21 DEFAULT CHARSET=latin1;
/*!40101 SET character_set_client = @saved_cs_client */;

--
-- Dumping data for table `vehicle`
--

LOCK TABLES `vehicle` WRITE;
/*!40000 ALTER TABLE `vehicle` DISABLE KEYS */;
INSERT INTO `vehicle` VALUES (1,'4333','p','Mercedes'),(2,'8289','y','BMW'),(3,'1126','h','Bugatti'),(4,'7749','p','Audi'),(5,'2644','z','BMW'),(6,'9878','o','Kia'),(7,'4697','i','Kia'),(8,'9687','s','Mercedes'),(9,'3364','c','Hyundai'),(10,'8683','z','Toyota'),(11,'5436','i','Kia'),(12,'9357','e','Kia'),(13,'6519','z','Toyota'),(14,'3585','t','Hyundai'),(15,'2767','d','Bugatti'),(16,'4184','j','Mercedes'),(17,'6489','l','BMW'),(18,'4260','j','Audi'),(19,'6455','d','Mercedes'),(20,'7009','q','Toyota');
/*!40000 ALTER TABLE `vehicle` ENABLE KEYS */;
UNLOCK TABLES;

--
-- Temporary view structure for view `view_haps`
--

DROP TABLE IF EXISTS `view_haps`;
/*!50001 DROP VIEW IF EXISTS `view_haps`*/;
SET @saved_cs_client     = @@character_set_client;
/*!50503 SET character_set_client = utf8mb4 */;
/*!50001 CREATE VIEW `view_haps` AS SELECT 
 1 AS `restaurant_id`,
 1 AS `restaurant_name`*/;
SET character_set_client = @saved_cs_client;

--
-- Dumping events for database 'campus_eats_fall2020'
--

--
-- Dumping routines for database 'campus_eats_fall2020'
--
/*!50003 DROP FUNCTION IF EXISTS `get_avg_driver_rating_func` */;
/*!50003 SET @saved_cs_client      = @@character_set_client */ ;
/*!50003 SET @saved_cs_results     = @@character_set_results */ ;
/*!50003 SET @saved_col_connection = @@collation_connection */ ;
/*!50003 SET character_set_client  = utf8mb4 */ ;
/*!50003 SET character_set_results = utf8mb4 */ ;
/*!50003 SET collation_connection  = utf8mb4_0900_ai_ci */ ;
/*!50003 SET @saved_sql_mode       = @@sql_mode */ ;
/*!50003 SET sql_mode              = 'STRICT_TRANS_TABLES,NO_ENGINE_SUBSTITUTION' */ ;
DELIMITER ;;
CREATE DEFINER=`root`@`localhost` FUNCTION `get_avg_driver_rating_func`(
   driver_id_param INT
) RETURNS decimal(10,2)
    READS SQL DATA
    DETERMINISTIC
BEGIN
  DECLARE driver_rating_var DECIMAL(10,2);
  -- Calculate driver rating and assign to driver_rating_var --
  SELECT ROUND((avg_overall_experience+avg_driver_speed+avg_driver_courtesy)/3,2) INTO driver_rating_var
  FROM Campus_Eats_Fall2020.driver_rating_view
  WHERE driver_id = driver_id_param;
  
  RETURN(driver_rating_var);
END ;;
DELIMITER ;
/*!50003 SET sql_mode              = @saved_sql_mode */ ;
/*!50003 SET character_set_client  = @saved_cs_client */ ;
/*!50003 SET character_set_results = @saved_cs_results */ ;
/*!50003 SET collation_connection  = @saved_col_connection */ ;
/*!50003 DROP FUNCTION IF EXISTS `get_avg_restaurant_ratings` */;
/*!50003 SET @saved_cs_client      = @@character_set_client */ ;
/*!50003 SET @saved_cs_results     = @@character_set_results */ ;
/*!50003 SET @saved_col_connection = @@collation_connection */ ;
/*!50003 SET character_set_client  = utf8mb4 */ ;
/*!50003 SET character_set_results = utf8mb4 */ ;
/*!50003 SET collation_connection  = utf8mb4_0900_ai_ci */ ;
/*!50003 SET @saved_sql_mode       = @@sql_mode */ ;
/*!50003 SET sql_mode              = 'STRICT_TRANS_TABLES,NO_ENGINE_SUBSTITUTION' */ ;
DELIMITER ;;
CREATE DEFINER=`root`@`localhost` FUNCTION `get_avg_restaurant_ratings`(
   restaurant_name_param VARCHAR(75)
) RETURNS decimal(4,2)
    READS SQL DATA
    DETERMINISTIC
BEGIN
  DECLARE avg_restaurant_rating_var DECIMAL(4,2);
  
  SELECT avg_restaurant_rating
  INTO avg_restaurant_rating_var
  FROM restaurant_and_driver_stats
  WHERE restaurant_name = restaurant_name_param;
  
  RETURN avg_restaurant_rating_var;
END ;;
DELIMITER ;
/*!50003 SET sql_mode              = @saved_sql_mode */ ;
/*!50003 SET character_set_client  = @saved_cs_client */ ;
/*!50003 SET character_set_results = @saved_cs_results */ ;
/*!50003 SET collation_connection  = @saved_col_connection */ ;
/*!50003 DROP FUNCTION IF EXISTS `get_driver_id` */;
/*!50003 SET @saved_cs_client      = @@character_set_client */ ;
/*!50003 SET @saved_cs_results     = @@character_set_results */ ;
/*!50003 SET @saved_col_connection = @@collation_connection */ ;
/*!50003 SET character_set_client  = utf8mb4 */ ;
/*!50003 SET character_set_results = utf8mb4 */ ;
/*!50003 SET collation_connection  = utf8mb4_0900_ai_ci */ ;
/*!50003 SET @saved_sql_mode       = @@sql_mode */ ;
/*!50003 SET sql_mode              = 'STRICT_TRANS_TABLES,NO_ENGINE_SUBSTITUTION' */ ;
DELIMITER ;;
CREATE DEFINER=`root`@`localhost` FUNCTION `get_driver_id`(
   driver_name_param VARCHAR(75)
) RETURNS int
    READS SQL DATA
    DETERMINISTIC
BEGIN
  DECLARE driver_id_var INT;
  
  SELECT d.driver_id
  INTO driver_id_var
  From person as p
  Inner Join student as s
	On s.person_id = p.person_id
  Inner Join driver as d
	On d.student_id = s.student_id
  WHERE p.person_name = driver_name_param;
  
  RETURN(driver_id_var);
END ;;
DELIMITER ;
/*!50003 SET sql_mode              = @saved_sql_mode */ ;
/*!50003 SET character_set_client  = @saved_cs_client */ ;
/*!50003 SET character_set_results = @saved_cs_results */ ;
/*!50003 SET collation_connection  = @saved_col_connection */ ;
/*!50003 DROP FUNCTION IF EXISTS `get_restaurant_id` */;
/*!50003 SET @saved_cs_client      = @@character_set_client */ ;
/*!50003 SET @saved_cs_results     = @@character_set_results */ ;
/*!50003 SET @saved_col_connection = @@collation_connection */ ;
/*!50003 SET character_set_client  = utf8mb4 */ ;
/*!50003 SET character_set_results = utf8mb4 */ ;
/*!50003 SET collation_connection  = utf8mb4_0900_ai_ci */ ;
/*!50003 SET @saved_sql_mode       = @@sql_mode */ ;
/*!50003 SET sql_mode              = 'STRICT_TRANS_TABLES,NO_ENGINE_SUBSTITUTION' */ ;
DELIMITER ;;
CREATE DEFINER=`root`@`localhost` FUNCTION `get_restaurant_id`(
   restaurant_name_param VARCHAR(75)
) RETURNS int
    READS SQL DATA
    DETERMINISTIC
BEGIN
  DECLARE restaurant_id_var INT;
  
  SELECT r.restaurant_id
  INTO restaurant_id_var
  From restaurant as r
  WHERE r.restaurant_name = restaurant_name_param ;
  RETURN(restaurant_id_var);
END ;;
DELIMITER ;
/*!50003 SET sql_mode              = @saved_sql_mode */ ;
/*!50003 SET character_set_client  = @saved_cs_client */ ;
/*!50003 SET character_set_results = @saved_cs_results */ ;
/*!50003 SET collation_connection  = @saved_col_connection */ ;
/*!50003 DROP PROCEDURE IF EXISTS `get_avg_rating_for_driver_id` */;
/*!50003 SET @saved_cs_client      = @@character_set_client */ ;
/*!50003 SET @saved_cs_results     = @@character_set_results */ ;
/*!50003 SET @saved_col_connection = @@collation_connection */ ;
/*!50003 SET character_set_client  = utf8mb4 */ ;
/*!50003 SET character_set_results = utf8mb4 */ ;
/*!50003 SET collation_connection  = utf8mb4_0900_ai_ci */ ;
/*!50003 SET @saved_sql_mode       = @@sql_mode */ ;
/*!50003 SET sql_mode              = 'STRICT_TRANS_TABLES,NO_ENGINE_SUBSTITUTION' */ ;
DELIMITER ;;
CREATE DEFINER=`root`@`localhost` PROCEDURE `get_avg_rating_for_driver_id`(
   driver_id_param VARCHAR(75)
)
BEGIN
  SELECT driver_name, ROUND((avg_overall_experience+avg_driver_speed+avg_driver_courtesy)/3,2) AS avg_driver_rating  
  FROM driver_rating_view
  WHERE driver_id = driver_id_param;
  
END ;;
DELIMITER ;
/*!50003 SET sql_mode              = @saved_sql_mode */ ;
/*!50003 SET character_set_client  = @saved_cs_client */ ;
/*!50003 SET character_set_results = @saved_cs_results */ ;
/*!50003 SET collation_connection  = @saved_col_connection */ ;
/*!50003 DROP PROCEDURE IF EXISTS `get_avg_rating_for_rest_id` */;
/*!50003 SET @saved_cs_client      = @@character_set_client */ ;
/*!50003 SET @saved_cs_results     = @@character_set_results */ ;
/*!50003 SET @saved_col_connection = @@collation_connection */ ;
/*!50003 SET character_set_client  = utf8mb4 */ ;
/*!50003 SET character_set_results = utf8mb4 */ ;
/*!50003 SET collation_connection  = utf8mb4_0900_ai_ci */ ;
/*!50003 SET @saved_sql_mode       = @@sql_mode */ ;
/*!50003 SET sql_mode              = 'STRICT_TRANS_TABLES,NO_ENGINE_SUBSTITUTION' */ ;
DELIMITER ;;
CREATE DEFINER=`root`@`localhost` PROCEDURE `get_avg_rating_for_rest_id`(
   restaurant_id_param VARCHAR(75)
)
BEGIN
  
  SELECT restaurant_name, ROUND((avg_food_quality+avg_food_temperature+avg_order_correct)/3,2) AS avg_restaurant_rating  
  FROM restaurant_rating_view
  WHERE restaurant_id = restaurant_id_param;
  
END ;;
DELIMITER ;
/*!50003 SET sql_mode              = @saved_sql_mode */ ;
/*!50003 SET character_set_client  = @saved_cs_client */ ;
/*!50003 SET character_set_results = @saved_cs_results */ ;
/*!50003 SET collation_connection  = @saved_col_connection */ ;
/*!50003 DROP PROCEDURE IF EXISTS `insert_restaurant` */;
/*!50003 SET @saved_cs_client      = @@character_set_client */ ;
/*!50003 SET @saved_cs_results     = @@character_set_results */ ;
/*!50003 SET @saved_col_connection = @@collation_connection */ ;
/*!50003 SET character_set_client  = utf8mb4 */ ;
/*!50003 SET character_set_results = utf8mb4 */ ;
/*!50003 SET collation_connection  = utf8mb4_0900_ai_ci */ ;
/*!50003 SET @saved_sql_mode       = @@sql_mode */ ;
/*!50003 SET sql_mode              = 'STRICT_TRANS_TABLES,NO_ENGINE_SUBSTITUTION' */ ;
DELIMITER ;;
CREATE DEFINER=`root`@`localhost` PROCEDURE `insert_restaurant`(
  restaurant_id_param     INT,
  location_param          VARCHAR(75),
  restaurant_name_param   VARCHAR(75),
  restaurant_schedule_param     VARCHAR(75),
  website_param           VARCHAR(75)
)
BEGIN
  DECLARE location_var           VARCHAR(75);

  -- Validate paramater values
  IF length(restaurant_name_param) > 75 THEN
    SIGNAL SQLSTATE '22001'
      SET MESSAGE_TEXT = "Data too long for column 'restaurant_name_param' at row 1", 
      MYSQL_ERRNO = 1406;
  ELSEIF length(location_param) > 75 THEN
    SIGNAL SQLSTATE '22001'
      SET MESSAGE_TEXT = "Data too long for column 'location_param' at row 1", 
      MYSQL_ERRNO = 1406;
  ELSEIF NOT REGEXP_LIKE(restaurant_schedule_param,'^[0-9]am-|^[0-9]pm-|[0-9]am$|[0-9]pm$','i') = 1 
	OR length(restaurant_schedule_param) > 9 THEN 
    SIGNAL SQLSTATE '22023'
      SET MESSAGE_TEXT = 'Schedule should be of the format 10am-11pm', 
      MYSQL_ERRNO = 1644;
  END IF;
  

  -- Set default values for parameters
  IF location_param IS NULL THEN
	SET location_var = "No location specified";
  ELSE
    SET location_var = location_param;
  END IF;
  
  
  INSERT INTO restaurant
         (restaurant_id, location, restaurant_name, 
          restaurant.schedule, website)
  VALUES (restaurant_id_param, location_var, restaurant_name_param, 
          restaurant_schedule_param, website_param);
END ;;
DELIMITER ;
/*!50003 SET sql_mode              = @saved_sql_mode */ ;
/*!50003 SET character_set_client  = @saved_cs_client */ ;
/*!50003 SET character_set_results = @saved_cs_results */ ;
/*!50003 SET collation_connection  = @saved_col_connection */ ;

--
-- Final view structure for view `driver_rating_view`
--

/*!50001 DROP VIEW IF EXISTS `driver_rating_view`*/;
/*!50001 SET @saved_cs_client          = @@character_set_client */;
/*!50001 SET @saved_cs_results         = @@character_set_results */;
/*!50001 SET @saved_col_connection     = @@collation_connection */;
/*!50001 SET character_set_client      = utf8mb4 */;
/*!50001 SET character_set_results     = utf8mb4 */;
/*!50001 SET collation_connection      = utf8mb4_0900_ai_ci */;
/*!50001 CREATE ALGORITHM=UNDEFINED */
/*!50013 DEFINER=`root`@`localhost` SQL SECURITY DEFINER */
/*!50001 VIEW `driver_rating_view` AS select `order`.`driver_id` AS `driver_id`,`person`.`person_name` AS `driver_name`,count(`order`.`order_id`) AS `order_count`,avg(`rating`.`overall_experience`) AS `avg_overall_experience`,avg(`driver_rating`.`driver_speed`) AS `avg_driver_speed`,avg(`driver_rating`.`driver_courtesy`) AS `avg_driver_courtesy` from (((((`person` join `student` on((`person`.`person_id` = `student`.`person_id`))) join `driver` on((`student`.`student_id` = `driver`.`student_id`))) join `order` on((`driver`.`driver_id` = `order`.`driver_id`))) join `rating` on((`order`.`order_id` = `rating`.`order_id`))) join `driver_rating` on((`rating`.`rating_id` = `driver_rating`.`rating_id`))) group by `order`.`driver_id` */;
/*!50001 SET character_set_client      = @saved_cs_client */;
/*!50001 SET character_set_results     = @saved_cs_results */;
/*!50001 SET collation_connection      = @saved_col_connection */;

--
-- Final view structure for view `person_join`
--

/*!50001 DROP VIEW IF EXISTS `person_join`*/;
/*!50001 SET @saved_cs_client          = @@character_set_client */;
/*!50001 SET @saved_cs_results         = @@character_set_results */;
/*!50001 SET @saved_col_connection     = @@collation_connection */;
/*!50001 SET character_set_client      = utf8mb4 */;
/*!50001 SET character_set_results     = utf8mb4 */;
/*!50001 SET collation_connection      = utf8mb4_0900_ai_ci */;
/*!50001 CREATE ALGORITHM=UNDEFINED */
/*!50013 DEFINER=`root`@`localhost` SQL SECURITY DEFINER */
/*!50001 VIEW `person_join` AS select `person`.`person_id` AS `person_id`,`person`.`person_name` AS `person_name`,`person`.`person_email` AS `person_email`,`student`.`student_id` AS `student_id`,`student`.`graduation_year` AS `graduation_year` from (`person` join `student` on((`student`.`person_id` = `person`.`person_id`))) where (`student`.`major` = 'Computer Science') */;
/*!50001 SET character_set_client      = @saved_cs_client */;
/*!50001 SET character_set_results     = @saved_cs_results */;
/*!50001 SET collation_connection      = @saved_col_connection */;

--
-- Final view structure for view `person_student`
--

/*!50001 DROP VIEW IF EXISTS `person_student`*/;
/*!50001 SET @saved_cs_client          = @@character_set_client */;
/*!50001 SET @saved_cs_results         = @@character_set_results */;
/*!50001 SET @saved_col_connection     = @@collation_connection */;
/*!50001 SET character_set_client      = utf8mb4 */;
/*!50001 SET character_set_results     = utf8mb4 */;
/*!50001 SET collation_connection      = utf8mb4_0900_ai_ci */;
/*!50001 CREATE ALGORITHM=UNDEFINED */
/*!50013 DEFINER=`root`@`localhost` SQL SECURITY DEFINER */
/*!50001 VIEW `person_student` AS select `a`.`person_id` AS `person_id`,`a`.`person_name` AS `person_name`,`a`.`person_email` AS `person_email`,`a`.`cell` AS `cell` from `person` `a` where `a`.`person_id` in (select `student`.`person_id` from `student` where (`student`.`graduation_year` = 2019)) */;
/*!50001 SET character_set_client      = @saved_cs_client */;
/*!50001 SET character_set_results     = @saved_cs_results */;
/*!50001 SET collation_connection      = @saved_col_connection */;

--
-- Final view structure for view `restaurant_and_driver_stats`
--

/*!50001 DROP VIEW IF EXISTS `restaurant_and_driver_stats`*/;
/*!50001 SET @saved_cs_client          = @@character_set_client */;
/*!50001 SET @saved_cs_results         = @@character_set_results */;
/*!50001 SET @saved_col_connection     = @@collation_connection */;
/*!50001 SET character_set_client      = utf8mb4 */;
/*!50001 SET character_set_results     = utf8mb4 */;
/*!50001 SET collation_connection      = utf8mb4_0900_ai_ci */;
/*!50001 CREATE ALGORITHM=UNDEFINED */
/*!50013 DEFINER=`root`@`localhost` SQL SECURITY DEFINER */
/*!50001 VIEW `restaurant_and_driver_stats` AS select `restaurant`.`restaurant_id` AS `restaurant_id`,`restaurant`.`restaurant_name` AS `restaurant_name`,count(`rating`.`order_id`) AS `order_count`,avg(`rating`.`overall_experience`) AS `avg_overall_experience`,max((((`restaurant_rating`.`food_quality` + `restaurant_rating`.`food_temperature`) + (`restaurant_rating`.`order_correct` * 5)) / 3)) AS `max_restaurant_rating`,min((((`restaurant_rating`.`food_quality` + `restaurant_rating`.`food_temperature`) + (`restaurant_rating`.`order_correct` * 5)) / 3)) AS `min_restaurant_rating`,avg((((`restaurant_rating`.`food_quality` + `restaurant_rating`.`food_temperature`) + (`restaurant_rating`.`order_correct` * 5)) / 3)) AS `avg_restaurant_rating`,count(distinct `order`.`driver_id`) AS `driver_count`,avg(((`driver_rating`.`driver_speed` + `driver_rating`.`driver_courtesy`) / 2)) AS `avg_driver_rating` from ((((`restaurant` join `order` on((`restaurant`.`restaurant_id` = `order`.`restaurant_id`))) join `rating` on((`order`.`order_id` = `rating`.`order_id`))) join `driver_rating` on((`rating`.`rating_id` = `driver_rating`.`rating_id`))) join `restaurant_rating` on((`rating`.`rating_id` = `restaurant_rating`.`rating_id`))) group by `order`.`restaurant_id` */;
/*!50001 SET character_set_client      = @saved_cs_client */;
/*!50001 SET character_set_results     = @saved_cs_results */;
/*!50001 SET collation_connection      = @saved_col_connection */;

--
-- Final view structure for view `restaurant_rating_view`
--

/*!50001 DROP VIEW IF EXISTS `restaurant_rating_view`*/;
/*!50001 SET @saved_cs_client          = @@character_set_client */;
/*!50001 SET @saved_cs_results         = @@character_set_results */;
/*!50001 SET @saved_col_connection     = @@collation_connection */;
/*!50001 SET character_set_client      = utf8mb4 */;
/*!50001 SET character_set_results     = utf8mb4 */;
/*!50001 SET collation_connection      = utf8mb4_0900_ai_ci */;
/*!50001 CREATE ALGORITHM=UNDEFINED */
/*!50013 DEFINER=`root`@`localhost` SQL SECURITY DEFINER */
/*!50001 VIEW `restaurant_rating_view` AS select `restaurant`.`restaurant_id` AS `restaurant_id`,`restaurant`.`restaurant_name` AS `restaurant_name`,count(`order`.`order_id`) AS `order_count`,avg(`rating`.`overall_experience`) AS `avg_overall_experience`,avg(`restaurant_rating`.`food_quality`) AS `avg_food_quality`,avg(`restaurant_rating`.`food_temperature`) AS `avg_food_temperature`,(avg(`restaurant_rating`.`order_correct`) * 5) AS `avg_order_correct`,concat(round((avg(`restaurant_rating`.`order_correct`) * 100),1),'%') AS `percent_correct_orders` from (((`restaurant` join `order` on((`restaurant`.`restaurant_id` = `order`.`restaurant_id`))) join `rating` on((`order`.`order_id` = `rating`.`order_id`))) join `restaurant_rating` on((`rating`.`rating_id` = `restaurant_rating`.`rating_id`))) group by `order`.`restaurant_id` */;
/*!50001 SET character_set_client      = @saved_cs_client */;
/*!50001 SET character_set_results     = @saved_cs_results */;
/*!50001 SET collation_connection      = @saved_col_connection */;

--
-- Final view structure for view `view_haps`
--

/*!50001 DROP VIEW IF EXISTS `view_haps`*/;
/*!50001 SET @saved_cs_client          = @@character_set_client */;
/*!50001 SET @saved_cs_results         = @@character_set_results */;
/*!50001 SET @saved_col_connection     = @@collation_connection */;
/*!50001 SET character_set_client      = utf8mb4 */;
/*!50001 SET character_set_results     = utf8mb4 */;
/*!50001 SET collation_connection      = utf8mb4_0900_ai_ci */;
/*!50001 CREATE ALGORITHM=UNDEFINED */
/*!50013 DEFINER=`root`@`localhost` SQL SECURITY DEFINER */
/*!50001 VIEW `view_haps` AS select `restaurant`.`restaurant_id` AS `restaurant_id`,`restaurant`.`restaurant_name` AS `restaurant_name` from `restaurant` where (`restaurant`.`restaurant_id` = 1) */;
/*!50001 SET character_set_client      = @saved_cs_client */;
/*!50001 SET character_set_results     = @saved_cs_results */;
/*!50001 SET collation_connection      = @saved_col_connection */;
/*!40103 SET TIME_ZONE=@OLD_TIME_ZONE */;

/*!40101 SET SQL_MODE=@OLD_SQL_MODE */;
/*!40014 SET FOREIGN_KEY_CHECKS=@OLD_FOREIGN_KEY_CHECKS */;
/*!40014 SET UNIQUE_CHECKS=@OLD_UNIQUE_CHECKS */;
/*!40101 SET CHARACTER_SET_CLIENT=@OLD_CHARACTER_SET_CLIENT */;
/*!40101 SET CHARACTER_SET_RESULTS=@OLD_CHARACTER_SET_RESULTS */;
/*!40101 SET COLLATION_CONNECTION=@OLD_COLLATION_CONNECTION */;
/*!40111 SET SQL_NOTES=@OLD_SQL_NOTES */;

-- Dump completed on 2021-05-11 19:08:06
